-- phpMyAdmin SQL Dump
-- version 4.7.7
-- https://www.phpmyadmin.net/
--
-- Host: localhost:3306
-- Creato il: Lug 03, 2018 alle 15:39
-- Versione del server: 5.6.36-cll-lve
-- Versione PHP: 5.6.30

SET SQL_MODE = "NO_AUTO_VALUE_ON_ZERO";
SET AUTOCOMMIT = 0;
START TRANSACTION;
SET time_zone = "+00:00";


/*!40101 SET @OLD_CHARACTER_SET_CLIENT=@@CHARACTER_SET_CLIENT */;
/*!40101 SET @OLD_CHARACTER_SET_RESULTS=@@CHARACTER_SET_RESULTS */;
/*!40101 SET @OLD_COLLATION_CONNECTION=@@COLLATION_CONNECTION */;
/*!40101 SET NAMES utf8mb4 */;

--
-- Database: `h42njki8_eidon`
--

-- --------------------------------------------------------

--
-- Struttura della tabella `addon`
--

CREATE TABLE `addon` (
  `googleBasic` tinyint(1) NOT NULL,
  `googleAdvanced` tinyint(1) NOT NULL
) ENGINE=InnoDB DEFAULT CHARSET=latin1;

--
-- Dump dei dati per la tabella `addon`
--

INSERT INTO `addon` (`googleBasic`, `googleAdvanced`) VALUES
(1, 1);

-- --------------------------------------------------------

--
-- Struttura della tabella `agenda`
--

CREATE TABLE `agenda` (
  `id` int(11) NOT NULL,
  `idPaziente` int(11) NOT NULL,
  `title` varchar(255) NOT NULL,
  `nota` longtext NOT NULL,
  `start` datetime NOT NULL,
  `end` datetime NOT NULL,
  `eventoCancellato` tinyint(1) NOT NULL,
  `idTerapista` int(5) NOT NULL,
  `idDopoScuola` int(11) NOT NULL,
  `idTariffa` int(5) NOT NULL,
  `idStanza` int(5) NOT NULL,
  `idCat` int(11) NOT NULL,
  `ricorrenza` varchar(255) NOT NULL,
  `gruppoRicorrenza` int(11) NOT NULL,
  `stato` int(1) NOT NULL COMMENT '0 = da confermare, 1 = confermato, 2 = assente, 3 = fatturato',
  `now` bigint(20) NOT NULL
) ENGINE=InnoDB DEFAULT CHARSET=latin1;

--
-- Dump dei dati per la tabella `agenda`
--

INSERT INTO `agenda` (`id`, `idPaziente`, `title`, `nota`, `start`, `end`, `eventoCancellato`, `idTerapista`, `idDopoScuola`, `idTariffa`, `idStanza`, `idCat`, `ricorrenza`, `gruppoRicorrenza`, `stato`, `now`) VALUES
(10, 122, 'LOGOPEDIA', '', '2018-05-04 14:00:00', '2018-05-04 15:00:00', 0, 7, 0, 15, 1, 1, 'Settimanale', 0, 1, 1528287160103),
(11, 122, 'LOGOPEDIA', '', '2018-05-11 18:00:00', '2018-05-11 19:00:00', 0, 7, 0, 15, 1, 1, 'Settimanale', 0, 1, 1528287160103),
(12, 122, 'LOGOPEDIA', 'Assente per viaggio di nozze', '2018-05-18 15:00:00', '2018-05-18 16:00:00', 0, 7, 0, 9, 1, 1, 'Settimanale', 0, 2, 1528287160103),
(13, 122, 'LOGOPEDIA', '', '2018-05-25 14:00:00', '2018-05-25 15:00:00', 0, 7, 0, 15, 1, 1, 'Settimanale', 0, 2, 1528287160103),
(14, 122, 'LOGOPEDIA', '', '2018-06-01 14:00:00', '2018-06-01 15:00:00', 0, 7, 0, 15, 1, 1, 'Settimanale', 0, 2, 1528287160103),
(15, 122, 'LOGOPEDIA', '', '2018-06-08 14:00:00', '2018-06-08 15:00:00', 0, 7, 0, 15, 1, 1, 'Settimanale', 0, 0, 1528287160103),
(16, 122, 'LOGOPEDIA', '', '2018-06-15 14:00:00', '2018-06-15 15:00:00', 0, 7, 0, 15, 1, 1, 'Settimanale', 0, 0, 1528287160103),
(17, 122, 'LOGOPEDIA', '', '2018-06-22 14:00:00', '2018-06-22 15:00:00', 0, 7, 0, 15, 1, 1, 'Settimanale', 0, 0, 1528287160103),
(18, 122, 'LOGOPEDIA', '', '2018-06-29 14:00:00', '2018-06-29 15:00:00', 0, 7, 0, 15, 1, 1, 'Settimanale', 0, 0, 1528287160103),
(19, 122, 'LOGOPEDIA', '', '2018-07-06 14:00:00', '2018-07-06 15:00:00', 0, 7, 0, 15, 1, 1, 'Settimanale', 0, 0, 1528287160103),
(20, 122, 'LOGOPEDIA', '', '2018-07-13 14:00:00', '2018-07-13 15:00:00', 0, 7, 0, 15, 1, 1, 'Settimanale', 0, 0, 1528287160103),
(21, 122, 'LOGOPEDIA', '', '2018-07-20 14:00:00', '2018-07-20 15:00:00', 0, 7, 0, 15, 1, 1, 'Settimanale', 0, 0, 1528287160103),
(22, 122, 'LOGOPEDIA', '', '2018-07-27 14:00:00', '2018-07-27 15:00:00', 0, 7, 0, 15, 1, 1, 'Settimanale', 0, 0, 1528287160103),
(23, 122, 'LOGOPEDIA', '', '2018-05-09 14:00:00', '2018-05-09 15:00:00', 0, 7, 0, 16, 1, 1, 'Settimanale', 0, 1, 1528287438743),
(24, 122, 'LOGOPEDIA', '', '2018-05-16 14:00:00', '2018-05-16 15:00:00', 0, 7, 0, 16, 1, 1, 'Settimanale', 0, 1, 1528287438743),
(25, 122, 'LOGOPEDIA', '', '2018-05-23 14:00:00', '2018-05-23 15:00:00', 0, 7, 0, 16, 1, 1, 'Settimanale', 0, 2, 1528287438743),
(26, 122, 'LOGOPEDIA', '', '2018-05-30 16:00:00', '2018-05-30 17:00:00', 0, 7, 0, 9, 1, 1, 'Settimanale', 0, 2, 1528287438743),
(27, 122, 'LOGOPEDIA', '', '2018-06-06 14:00:00', '2018-06-06 15:00:00', 0, 7, 0, 16, 1, 1, 'Settimanale', 0, 0, 1528287438743),
(28, 122, 'LOGOPEDIA', '', '2018-06-13 14:00:00', '2018-06-13 15:00:00', 0, 7, 0, 16, 1, 1, 'Settimanale', 0, 0, 1528287438743),
(29, 122, 'LOGOPEDIA', '', '2018-06-20 14:00:00', '2018-06-20 15:00:00', 0, 7, 0, 16, 1, 1, 'Settimanale', 0, 0, 1528287438743),
(30, 122, 'LOGOPEDIA', '', '2018-06-27 14:00:00', '2018-06-27 15:00:00', 0, 7, 0, 16, 1, 1, 'Settimanale', 0, 0, 1528287438743),
(31, 122, 'LOGOPEDIA', '', '2018-07-04 14:00:00', '2018-07-04 15:00:00', 0, 7, 0, 16, 1, 1, 'Settimanale', 0, 0, 1528287438743),
(32, 122, 'LOGOPEDIA', '', '2018-07-11 14:00:00', '2018-07-11 15:00:00', 0, 7, 0, 16, 1, 1, 'Settimanale', 0, 0, 1528287438743),
(33, 122, 'LOGOPEDIA', '', '2018-07-18 14:00:00', '2018-07-18 15:00:00', 0, 7, 0, 16, 1, 1, 'Settimanale', 0, 0, 1528287438743),
(34, 122, 'LOGOPEDIA', '', '2018-07-25 14:00:00', '2018-07-25 15:00:00', 0, 7, 0, 16, 1, 1, 'Settimanale', 0, 0, 1528287438743),
(35, 183, 'LOGOPEDIA', '', '2018-05-02 16:00:00', '2018-05-02 17:00:00', 0, 7, 0, 17, 1, 1, 'Settimanale', 0, 1, 1528290542248),
(36, 183, 'LOGOPEDIA', '', '2018-05-09 16:00:00', '2018-05-09 17:00:00', 0, 7, 0, 17, 1, 1, 'Settimanale', 0, 1, 1528290542248),
(37, 183, 'LOGOPEDIA', '', '2018-05-16 16:00:00', '2018-05-16 17:00:00', 0, 7, 0, 17, 1, 1, 'Settimanale', 0, 1, 1528290542248),
(38, 183, 'LOGOPEDIA', '', '2018-05-23 16:00:00', '2018-05-23 17:00:00', 0, 7, 0, 17, 1, 1, 'Settimanale', 0, 2, 1528290542248),
(39, 183, 'LOGOPEDIA', '', '2018-05-30 16:00:00', '2018-05-30 17:00:00', 0, 7, 0, 17, 1, 1, 'Settimanale', 0, 1, 1528290542248),
(40, 183, 'LOGOPEDIA', '', '2018-06-06 16:00:00', '2018-06-06 17:00:00', 0, 7, 0, 17, 1, 1, 'Settimanale', 0, 0, 1528290542248),
(41, 183, 'LOGOPEDIA', '', '2018-06-13 16:00:00', '2018-06-13 17:00:00', 0, 7, 0, 17, 1, 1, 'Settimanale', 0, 0, 1528290542248),
(42, 183, 'LOGOPEDIA', '', '2018-06-20 16:00:00', '2018-06-20 17:00:00', 0, 7, 0, 17, 1, 1, 'Settimanale', 0, 0, 1528290542248),
(43, 183, 'LOGOPEDIA', '', '2018-06-27 16:00:00', '2018-06-27 17:00:00', 0, 7, 0, 17, 1, 1, 'Settimanale', 0, 0, 1528290542248),
(44, 183, 'LOGOPEDIA', '', '2018-07-04 16:00:00', '2018-07-04 17:00:00', 0, 7, 0, 17, 1, 1, 'Settimanale', 0, 0, 1528290542248),
(45, 183, 'LOGOPEDIA', '', '2018-07-11 16:00:00', '2018-07-11 17:00:00', 0, 7, 0, 17, 1, 1, 'Settimanale', 0, 0, 1528290542248),
(46, 183, 'LOGOPEDIA', '', '2018-07-18 16:00:00', '2018-07-18 17:00:00', 0, 7, 0, 17, 1, 1, 'Settimanale', 0, 0, 1528290542248),
(47, 183, 'LOGOPEDIA', '', '2018-07-25 16:00:00', '2018-07-25 17:00:00', 0, 7, 0, 17, 1, 1, 'Settimanale', 0, 0, 1528290542248),
(48, 183, 'LOGOPEDIA', '', '2018-08-01 16:00:00', '2018-08-01 17:00:00', 0, 7, 0, 17, 1, 1, 'Settimanale', 0, 0, 1528290542248),
(49, 183, 'LOGOPEDIA', '', '2018-08-08 16:00:00', '2018-08-08 17:00:00', 0, 7, 0, 17, 1, 1, 'Settimanale', 0, 0, 1528290542248),
(50, 183, 'LOGOPEDIA', '', '2018-08-15 16:00:00', '2018-08-15 17:00:00', 0, 7, 0, 17, 1, 1, 'Settimanale', 0, 0, 1528290542248),
(51, 183, 'LOGOPEDIA', '', '2018-08-22 16:00:00', '2018-08-22 17:00:00', 0, 7, 0, 17, 1, 1, 'Settimanale', 0, 0, 1528290542248),
(52, 183, 'LOGOPEDIA', '', '2018-08-29 16:00:00', '2018-08-29 17:00:00', 0, 7, 0, 17, 1, 1, 'Settimanale', 0, 0, 1528290542248),
(53, 183, 'LOGOPEDIA', '', '2018-09-05 16:00:00', '2018-09-05 17:00:00', 0, 7, 0, 17, 1, 1, 'Settimanale', 0, 0, 1528290542248),
(54, 183, 'LOGOPEDIA', '', '2018-09-12 16:00:00', '2018-09-12 17:00:00', 0, 7, 0, 17, 1, 1, 'Settimanale', 0, 0, 1528290542248),
(55, 183, 'LOGOPEDIA', '', '2018-09-19 16:00:00', '2018-09-19 17:00:00', 0, 7, 0, 17, 1, 1, 'Settimanale', 0, 0, 1528290542248),
(56, 183, 'LOGOPEDIA', '', '2018-09-26 16:00:00', '2018-09-26 17:00:00', 0, 7, 0, 17, 1, 1, 'Settimanale', 0, 0, 1528290542248),
(57, 183, 'LOGOPEDIA', '', '2018-10-03 16:00:00', '2018-10-03 17:00:00', 0, 7, 0, 17, 1, 1, 'Settimanale', 0, 0, 1528290542248),
(58, 183, 'LOGOPEDIA', '', '2018-10-10 16:00:00', '2018-10-10 17:00:00', 0, 7, 0, 17, 1, 1, 'Settimanale', 0, 0, 1528290542248),
(59, 183, 'LOGOPEDIA', '', '2018-10-17 16:00:00', '2018-10-17 17:00:00', 0, 7, 0, 17, 1, 1, 'Settimanale', 0, 0, 1528290542248),
(60, 183, 'LOGOPEDIA', '', '2018-10-24 16:00:00', '2018-10-24 17:00:00', 0, 7, 0, 17, 1, 1, 'Settimanale', 0, 0, 1528290542248),
(61, 183, 'LOGOPEDIA', '', '2018-10-31 16:00:00', '2018-10-31 17:00:00', 0, 7, 0, 17, 1, 1, 'Settimanale', 0, 0, 1528290542248),
(62, 183, 'LOGOPEDIA', '', '2018-11-07 16:00:00', '2018-11-07 17:00:00', 0, 7, 0, 17, 1, 1, 'Settimanale', 0, 0, 1528290542248),
(63, 183, 'LOGOPEDIA', '', '2018-11-14 16:00:00', '2018-11-14 17:00:00', 0, 7, 0, 17, 1, 1, 'Settimanale', 0, 0, 1528290542248),
(64, 183, 'LOGOPEDIA', '', '2018-11-21 16:00:00', '2018-11-21 17:00:00', 0, 7, 0, 17, 1, 1, 'Settimanale', 0, 0, 1528290542248),
(65, 183, 'LOGOPEDIA', '', '2018-11-28 16:00:00', '2018-11-28 17:00:00', 0, 7, 0, 17, 1, 1, 'Settimanale', 0, 0, 1528290542248),
(66, 183, 'LOGOPEDIA', '', '2018-12-05 16:00:00', '2018-12-05 17:00:00', 0, 7, 0, 17, 1, 1, 'Settimanale', 0, 0, 1528290542248),
(67, 183, 'LOGOPEDIA', '', '2018-12-12 16:00:00', '2018-12-12 17:00:00', 0, 7, 0, 17, 1, 1, 'Settimanale', 0, 0, 1528290542248),
(68, 183, 'LOGOPEDIA', '', '2018-12-19 16:00:00', '2018-12-19 17:00:00', 0, 7, 0, 17, 1, 1, 'Settimanale', 0, 0, 1528290542248),
(69, 183, 'LOGOPEDIA', '', '2018-12-26 16:00:00', '2018-12-26 17:00:00', 0, 7, 0, 17, 1, 1, 'Settimanale', 0, 0, 1528290542248),
(70, 183, 'LOGOPEDIA', '', '2019-01-02 16:00:00', '2019-01-02 17:00:00', 0, 7, 0, 17, 1, 1, 'Settimanale', 0, 0, 1528290542248),
(71, 183, 'LOGOPEDIA', '', '2019-01-09 16:00:00', '2019-01-09 17:00:00', 0, 7, 0, 17, 1, 1, 'Settimanale', 0, 0, 1528290542248),
(72, 183, 'LOGOPEDIA', '', '2019-01-16 16:00:00', '2019-01-16 17:00:00', 0, 7, 0, 17, 1, 1, 'Settimanale', 0, 0, 1528290542248),
(73, 183, 'LOGOPEDIA', '', '2019-01-23 16:00:00', '2019-01-23 17:00:00', 0, 7, 0, 17, 1, 1, 'Settimanale', 0, 0, 1528290542248),
(74, 183, 'LOGOPEDIA', '', '2019-01-30 16:00:00', '2019-01-30 17:00:00', 0, 7, 0, 17, 1, 1, 'Settimanale', 0, 0, 1528290542248),
(75, 183, 'LOGOPEDIA', '', '2019-02-06 16:00:00', '2019-02-06 17:00:00', 0, 7, 0, 17, 1, 1, 'Settimanale', 0, 0, 1528290542248),
(76, 183, 'LOGOPEDIA', '', '2019-02-13 16:00:00', '2019-02-13 17:00:00', 0, 7, 0, 17, 1, 1, 'Settimanale', 0, 0, 1528290542248),
(77, 183, 'LOGOPEDIA', '', '2019-02-20 16:00:00', '2019-02-20 17:00:00', 0, 7, 0, 17, 1, 1, 'Settimanale', 0, 0, 1528290542248),
(78, 183, 'LOGOPEDIA', '', '2019-02-27 16:00:00', '2019-02-27 17:00:00', 0, 7, 0, 17, 1, 1, 'Settimanale', 0, 0, 1528290542248),
(79, 183, 'LOGOPEDIA', '', '2019-03-06 16:00:00', '2019-03-06 17:00:00', 0, 7, 0, 17, 1, 1, 'Settimanale', 0, 0, 1528290542248),
(80, 183, 'LOGOPEDIA', '', '2019-03-13 16:00:00', '2019-03-13 17:00:00', 0, 7, 0, 17, 1, 1, 'Settimanale', 0, 0, 1528290542248),
(81, 183, 'LOGOPEDIA', '', '2019-03-20 16:00:00', '2019-03-20 17:00:00', 0, 7, 0, 17, 1, 1, 'Settimanale', 0, 0, 1528290542248),
(82, 183, 'LOGOPEDIA', '', '2019-03-27 16:00:00', '2019-03-27 17:00:00', 0, 7, 0, 17, 1, 1, 'Settimanale', 0, 0, 1528290542248),
(83, 183, 'LOGOPEDIA', '', '2019-04-03 16:00:00', '2019-04-03 17:00:00', 0, 7, 0, 17, 1, 1, 'Settimanale', 0, 0, 1528290542248),
(84, 183, 'LOGOPEDIA', '', '2019-04-10 16:00:00', '2019-04-10 17:00:00', 0, 7, 0, 17, 1, 1, 'Settimanale', 0, 0, 1528290542248),
(85, 183, 'LOGOPEDIA', '', '2019-04-17 16:00:00', '2019-04-17 17:00:00', 0, 7, 0, 17, 1, 1, 'Settimanale', 0, 0, 1528290542248),
(86, 183, 'LOGOPEDIA', '', '2019-04-24 16:00:00', '2019-04-24 17:00:00', 0, 7, 0, 17, 1, 1, 'Settimanale', 0, 0, 1528290542248),
(87, 183, 'LOGOPEDIA', '', '2019-05-01 16:00:00', '2019-05-01 17:00:00', 0, 7, 0, 17, 1, 1, 'Settimanale', 0, 0, 1528290542248),
(88, 183, 'LOGOPEDIA', '', '2019-05-08 16:00:00', '2019-05-08 17:00:00', 0, 7, 0, 17, 1, 1, 'Settimanale', 0, 0, 1528290542248),
(89, 183, 'LOGOPEDIA', '', '2019-05-15 16:00:00', '2019-05-15 17:00:00', 0, 7, 0, 17, 1, 1, 'Settimanale', 0, 0, 1528290542248),
(90, 183, 'LOGOPEDIA', '', '2019-05-22 16:00:00', '2019-05-22 17:00:00', 0, 7, 0, 17, 1, 1, 'Settimanale', 0, 0, 1528290542248),
(91, 183, 'LOGOPEDIA', '', '2019-05-29 16:00:00', '2019-05-29 17:00:00', 0, 7, 0, 17, 1, 1, 'Settimanale', 0, 0, 1528290542248),
(92, 183, 'LOGOPEDIA', '', '2019-06-05 16:00:00', '2019-06-05 17:00:00', 0, 7, 0, 17, 1, 1, 'Settimanale', 0, 0, 1528290542248),
(93, 183, 'LOGOPEDIA', '', '2019-06-12 16:00:00', '2019-06-12 17:00:00', 0, 7, 0, 17, 1, 1, 'Settimanale', 0, 0, 1528290542248),
(94, 183, 'LOGOPEDIA', '', '2019-06-19 16:00:00', '2019-06-19 17:00:00', 0, 7, 0, 17, 1, 1, 'Settimanale', 0, 0, 1528290542248),
(95, 183, 'LOGOPEDIA', '', '2019-06-26 16:00:00', '2019-06-26 17:00:00', 0, 7, 0, 17, 1, 1, 'Settimanale', 0, 0, 1528290542248),
(96, 183, 'LOGOPEDIA', '', '2019-07-03 16:00:00', '2019-07-03 17:00:00', 0, 7, 0, 17, 1, 1, 'Settimanale', 0, 0, 1528290542248),
(97, 183, 'LOGOPEDIA', '', '2019-07-10 16:00:00', '2019-07-10 17:00:00', 0, 7, 0, 17, 1, 1, 'Settimanale', 0, 0, 1528290542248),
(98, 183, 'LOGOPEDIA', '', '2019-07-17 16:00:00', '2019-07-17 17:00:00', 0, 7, 0, 17, 1, 1, 'Settimanale', 0, 0, 1528290542248),
(99, 183, 'LOGOPEDIA', '', '2019-07-24 16:00:00', '2019-07-24 17:00:00', 0, 7, 0, 17, 1, 1, 'Settimanale', 0, 0, 1528290542248),
(100, 183, 'LOGOPEDIA', '', '2019-07-31 16:00:00', '2019-07-31 17:00:00', 0, 7, 0, 17, 1, 1, 'Settimanale', 0, 0, 1528290542248),
(101, 183, 'LOGOPEDIA', '', '2018-05-04 15:00:00', '2018-05-04 16:00:00', 0, 7, 0, 9, 1, 1, 'Settimanale', 0, 1, 1528290907479),
(102, 183, 'LOGOPEDIA', '', '2018-05-11 15:00:00', '2018-05-11 16:00:00', 0, 7, 0, 9, 1, 1, 'Settimanale', 0, 1, 1528290907479),
(103, 183, 'LOGOPEDIA', '', '2018-05-18 15:00:00', '2018-05-18 16:00:00', 0, 7, 0, 9, 1, 1, 'Settimanale', 0, 1, 1528290907479),
(104, 183, 'LOGOPEDIA', '', '2018-05-25 15:00:00', '2018-05-25 16:00:00', 0, 7, 0, 9, 1, 1, 'Settimanale', 0, 1, 1528290907479),
(105, 183, 'LOGOPEDIA', '', '2018-06-01 15:00:00', '2018-06-01 16:00:00', 0, 7, 0, 9, 1, 1, 'Settimanale', 0, 0, 1528290907479),
(106, 183, 'LOGOPEDIA', '', '2018-06-08 15:00:00', '2018-06-08 16:00:00', 0, 7, 0, 9, 1, 1, 'Settimanale', 0, 0, 1528290907479),
(107, 183, 'LOGOPEDIA', '', '2018-06-15 15:00:00', '2018-06-15 16:00:00', 0, 7, 0, 9, 1, 1, 'Settimanale', 0, 0, 1528290907479),
(108, 183, 'LOGOPEDIA', '', '2018-06-22 15:00:00', '2018-06-22 16:00:00', 0, 7, 0, 9, 1, 1, 'Settimanale', 0, 0, 1528290907479),
(109, 183, 'LOGOPEDIA', '', '2018-06-29 15:00:00', '2018-06-29 16:00:00', 0, 7, 0, 9, 1, 1, 'Settimanale', 0, 0, 1528290907479),
(110, 183, 'LOGOPEDIA', '', '2018-07-06 15:00:00', '2018-07-06 16:00:00', 0, 7, 0, 9, 1, 1, 'Settimanale', 0, 0, 1528290907479),
(111, 183, 'LOGOPEDIA', '', '2018-07-13 15:00:00', '2018-07-13 16:00:00', 0, 7, 0, 9, 1, 1, 'Settimanale', 0, 0, 1528290907479),
(112, 183, 'LOGOPEDIA', '', '2018-07-20 15:00:00', '2018-07-20 16:00:00', 0, 7, 0, 9, 1, 1, 'Settimanale', 0, 0, 1528290907479),
(113, 183, 'LOGOPEDIA', '', '2018-07-27 15:00:00', '2018-07-27 16:00:00', 0, 7, 0, 9, 1, 1, 'Settimanale', 0, 0, 1528290907479),
(114, 294, 'LOGOPEDIA', '', '2018-05-02 19:00:00', '2018-05-02 20:00:00', 0, 7, 0, 9, 1, 1, 'Settimanale', 0, 1, 1528463086378),
(115, 294, 'LOGOPEDIA', '', '2018-05-09 19:00:00', '2018-05-09 20:00:00', 0, 7, 0, 9, 1, 1, 'Settimanale', 0, 2, 1528463086378),
(116, 294, 'LOGOPEDIA', '', '2018-05-16 19:00:00', '2018-05-16 20:00:00', 0, 7, 0, 9, 1, 1, 'Settimanale', 0, 1, 1528463086378),
(117, 294, 'LOGOPEDIA', '', '2018-05-23 19:00:00', '2018-05-23 20:00:00', 0, 7, 0, 9, 1, 1, 'Settimanale', 0, 1, 1528463086378),
(118, 294, 'LOGOPEDIA', '', '2018-05-30 19:00:00', '2018-05-30 20:00:00', 0, 7, 0, 9, 1, 1, 'Settimanale', 0, 1, 1528463086378),
(119, 294, 'LOGOPEDIA', '', '2018-06-06 19:00:00', '2018-06-06 20:00:00', 0, 7, 0, 9, 1, 1, 'Settimanale', 0, 1, 1528463086378),
(120, 294, 'LOGOPEDIA', '', '2018-06-13 19:00:00', '2018-06-13 20:00:00', 0, 7, 0, 9, 1, 1, 'Settimanale', 0, 0, 1528463086378),
(121, 294, 'LOGOPEDIA', '', '2018-06-20 19:00:00', '2018-06-20 20:00:00', 0, 7, 0, 9, 1, 1, 'Settimanale', 0, 0, 1528463086378),
(122, 294, 'LOGOPEDIA', '', '2018-06-27 19:00:00', '2018-06-27 20:00:00', 0, 7, 0, 9, 1, 1, 'Settimanale', 0, 0, 1528463086378),
(123, 294, 'LOGOPEDIA', '', '2018-07-04 19:00:00', '2018-07-04 20:00:00', 0, 7, 0, 9, 1, 1, 'Settimanale', 0, 0, 1528463086378),
(124, 294, 'LOGOPEDIA', '', '2018-07-11 19:00:00', '2018-07-11 20:00:00', 0, 7, 0, 9, 1, 1, 'Settimanale', 0, 0, 1528463086378),
(125, 294, 'LOGOPEDIA', '', '2018-07-18 19:00:00', '2018-07-18 20:00:00', 0, 7, 0, 9, 1, 1, 'Settimanale', 0, 0, 1528463086378),
(126, 294, 'LOGOPEDIA', '', '2018-07-25 19:00:00', '2018-07-25 20:00:00', 0, 7, 0, 9, 1, 1, 'Settimanale', 0, 0, 1528463086378),
(127, 294, 'LOGOPEDIA', '', '2018-05-18 14:00:00', '2018-05-18 15:00:00', 1, 7, 0, 9, 1, 1, 'Settimanale', 0, 1, 1528463294592),
(128, 294, 'LOGOPEDIA', '', '2018-05-25 14:00:00', '2018-05-25 15:00:00', 0, 7, 0, 9, 1, 1, 'Settimanale', 0, 1, 1528463294592),
(129, 294, 'LOGOPEDIA', '', '2018-06-01 14:00:00', '2018-06-01 15:00:00', 0, 7, 0, 9, 1, 1, 'Settimanale', 0, 0, 1528463294592),
(130, 294, 'LOGOPEDIA', '', '2018-06-08 14:00:00', '2018-06-08 15:00:00', 0, 7, 0, 9, 1, 1, 'Settimanale', 0, 0, 1528463294592),
(131, 294, 'LOGOPEDIA', '', '2018-06-15 14:00:00', '2018-06-15 15:00:00', 0, 7, 0, 9, 1, 1, 'Settimanale', 0, 0, 1528463294592),
(132, 294, 'LOGOPEDIA', '', '2018-06-22 14:00:00', '2018-06-22 15:00:00', 0, 7, 0, 9, 1, 1, 'Settimanale', 0, 0, 1528463294592),
(133, 294, 'LOGOPEDIA', '', '2018-06-29 14:00:00', '2018-06-29 15:00:00', 0, 7, 0, 9, 1, 1, 'Settimanale', 0, 0, 1528463294592),
(134, 294, 'LOGOPEDIA', '', '2018-07-06 14:00:00', '2018-07-06 15:00:00', 0, 7, 0, 9, 1, 1, 'Settimanale', 0, 0, 1528463294592),
(135, 294, 'LOGOPEDIA', '', '2018-07-13 14:00:00', '2018-07-13 15:00:00', 0, 7, 0, 9, 1, 1, 'Settimanale', 0, 0, 1528463294592),
(136, 294, 'LOGOPEDIA', '', '2018-07-20 14:00:00', '2018-07-20 15:00:00', 0, 7, 0, 9, 1, 1, 'Settimanale', 0, 0, 1528463294592),
(137, 294, 'LOGOPEDIA', '', '2018-07-27 14:00:00', '2018-07-27 15:00:00', 0, 7, 0, 9, 1, 1, 'Settimanale', 0, 0, 1528463294592),
(138, 344, 'MW', '', '2018-04-10 12:54:00', '2018-04-10 16:24:00', 1, 2, 0, 11, 1, 0, 'Giornaliera', 0, 0, 1528721677514),
(139, 344, 'MW', '', '2018-04-11 14:54:00', '2018-04-11 15:24:00', 1, 2, 0, 11, 1, 0, 'Giornaliera', 0, 0, 1528721677514),
(140, 344, 'MW', '', '2018-04-12 14:54:00', '2018-04-12 15:24:00', 1, 2, 0, 11, 1, 0, 'Giornaliera', 0, 0, 1528721677514),
(141, 344, 'MW', '', '2018-04-13 14:54:00', '2018-04-13 15:24:00', 1, 2, 0, 11, 1, 0, 'Giornaliera', 0, 0, 1528721677514),
(142, 122, 'LOGOPEDIA', '', '2018-05-02 14:00:00', '2018-05-02 15:00:00', 1, 7, 0, 18, 1, 1, 'Settimanale', 0, 2, 1528806644776),
(143, 122, 'LOGOPEDIA', '', '2018-05-09 14:00:00', '2018-05-09 15:00:00', 1, 7, 0, 18, 1, 1, 'Settimanale', 0, 0, 1528806644776),
(144, 122, 'LOGOPEDIA', '', '2018-05-16 14:00:00', '2018-05-16 15:00:00', 1, 7, 0, 18, 1, 1, 'Settimanale', 0, 0, 1528806644776),
(146, 122, 'LOGOPEDIA', '', '2018-05-30 14:00:00', '2018-05-30 15:00:00', 1, 7, 0, 18, 1, 1, 'Settimanale', 0, 0, 1528806644776),
(147, 122, 'LOGOPEDIA', '', '2018-06-06 14:00:00', '2018-06-06 15:00:00', 1, 7, 0, 18, 1, 1, 'Settimanale', 0, 0, 1528806644776),
(148, 122, 'LOGOPEDIA', '', '2018-06-13 14:00:00', '2018-06-13 15:00:00', 1, 7, 0, 18, 1, 1, 'Settimanale', 0, 0, 1528806644776),
(149, 122, 'LOGOPEDIA', '', '2018-06-20 14:00:00', '2018-06-20 15:00:00', 1, 7, 0, 18, 1, 1, 'Settimanale', 0, 0, 1528806644776),
(150, 122, 'LOGOPEDIA', '', '2018-06-27 14:00:00', '2018-06-27 15:00:00', 1, 7, 0, 18, 1, 1, 'Settimanale', 0, 0, 1528806644776),
(151, 122, 'LOGOPEDIA', '', '2018-07-04 14:00:00', '2018-07-04 15:00:00', 1, 7, 0, 18, 1, 1, 'Settimanale', 0, 0, 1528806644776),
(152, 122, 'LOGOPEDIA', '', '2018-07-11 14:00:00', '2018-07-11 15:00:00', 1, 7, 0, 18, 1, 1, 'Settimanale', 0, 0, 1528806644776),
(153, 122, 'LOGOPEDIA', '', '2018-07-18 14:00:00', '2018-07-18 15:00:00', 1, 7, 0, 18, 1, 1, 'Settimanale', 0, 0, 1528806644776),
(154, 122, 'LOGOPEDIA', '', '2018-07-25 14:00:00', '2018-07-25 15:00:00', 1, 7, 0, 18, 1, 1, 'Settimanale', 0, 0, 1528806644776),
(155, 294, 'LOGOPEDIA', '', '2018-05-04 16:00:00', '2018-05-04 17:00:00', 0, 7, 0, 9, 1, 1, 'Settimanale', 0, 2, 1528807277205),
(156, 294, 'LOGOPEDIA', '', '2018-05-11 16:00:00', '2018-05-11 17:00:00', 0, 7, 0, 9, 1, 1, 'Settimanale', 0, 2, 1528807277205),
(157, 294, 'LOGOPEDIA', '', '2018-05-18 16:00:00', '2018-05-18 17:00:00', 0, 7, 0, 9, 1, 1, 'Settimanale', 0, 1, 1528807277205),
(158, 294, 'LOGOPEDIA', '', '2018-05-25 16:00:00', '2018-05-25 17:00:00', 0, 7, 0, 9, 1, 1, 'Settimanale', 0, 0, 1528807277205),
(159, 294, 'LOGOPEDIA', '', '2018-06-01 16:00:00', '2018-06-01 17:00:00', 0, 7, 0, 9, 1, 1, 'Settimanale', 0, 0, 1528807277205),
(160, 294, 'LOGOPEDIA', '', '2018-06-08 16:00:00', '2018-06-08 17:00:00', 0, 7, 0, 9, 1, 1, 'Settimanale', 0, 0, 1528807277205),
(161, 294, 'LOGOPEDIA', '', '2018-06-15 16:00:00', '2018-06-15 17:00:00', 0, 7, 0, 9, 1, 1, 'Settimanale', 0, 0, 1528807277205),
(162, 294, 'LOGOPEDIA', '', '2018-06-22 16:00:00', '2018-06-22 17:00:00', 0, 7, 0, 9, 1, 1, 'Settimanale', 0, 0, 1528807277205),
(163, 294, 'LOGOPEDIA', '', '2018-06-29 16:00:00', '2018-06-29 17:00:00', 0, 7, 0, 9, 1, 1, 'Settimanale', 0, 0, 1528807277205),
(164, 294, 'LOGOPEDIA', '', '2018-07-06 16:00:00', '2018-07-06 17:00:00', 0, 7, 0, 9, 1, 1, 'Settimanale', 0, 0, 1528807277205),
(165, 294, 'LOGOPEDIA', '', '2018-07-13 16:00:00', '2018-07-13 17:00:00', 0, 7, 0, 9, 1, 1, 'Settimanale', 0, 0, 1528807277205),
(166, 294, 'LOGOPEDIA', '', '2018-07-20 16:00:00', '2018-07-20 17:00:00', 0, 7, 0, 9, 1, 1, 'Settimanale', 0, 0, 1528807277205),
(167, 294, 'LOGOPEDIA', '', '2018-07-27 16:00:00', '2018-07-27 17:00:00', 0, 7, 0, 9, 1, 1, 'Settimanale', 0, 0, 1528807277205),
(168, 314, 'LOGOPEDIA', '', '2018-05-02 13:00:00', '2018-05-02 14:00:00', 0, 7, 0, 9, 1, 1, 'Settimanale', 0, 1, 1528807773176),
(169, 314, 'LOGOPEDIA', '', '2018-05-09 13:00:00', '2018-05-09 14:00:00', 0, 7, 0, 9, 1, 1, 'Settimanale', 0, 0, 1528807773176),
(170, 314, 'LOGOPEDIA', '', '2018-05-16 13:00:00', '2018-05-16 14:00:00', 0, 7, 0, 9, 1, 1, 'Settimanale', 0, 0, 1528807773176),
(171, 314, 'LOGOPEDIA', '', '2018-05-23 13:00:00', '2018-05-23 14:00:00', 0, 7, 0, 9, 1, 1, 'Settimanale', 0, 2, 1528807773176),
(172, 314, 'LOGOPEDIA', '', '2018-05-30 13:00:00', '2018-05-30 14:00:00', 0, 7, 0, 9, 1, 1, 'Settimanale', 0, 0, 1528807773176),
(173, 314, 'LOGOPEDIA', '', '2018-06-06 13:00:00', '2018-06-06 14:00:00', 0, 7, 0, 9, 1, 1, 'Settimanale', 0, 0, 1528807773176),
(174, 314, 'LOGOPEDIA', '', '2018-06-13 13:00:00', '2018-06-13 14:00:00', 0, 7, 0, 9, 1, 1, 'Settimanale', 0, 0, 1528807773176),
(175, 314, 'LOGOPEDIA', '', '2018-06-20 13:00:00', '2018-06-20 14:00:00', 0, 7, 0, 9, 1, 1, 'Settimanale', 0, 0, 1528807773176),
(176, 314, 'LOGOPEDIA', '', '2018-06-27 13:00:00', '2018-06-27 14:00:00', 0, 7, 0, 9, 1, 1, 'Settimanale', 0, 0, 1528807773176),
(177, 314, 'LOGOPEDIA', '', '2018-07-04 13:00:00', '2018-07-04 14:00:00', 0, 7, 0, 9, 1, 1, 'Settimanale', 0, 0, 1528807773176),
(178, 314, 'LOGOPEDIA', '', '2018-07-11 13:00:00', '2018-07-11 14:00:00', 0, 7, 0, 9, 1, 1, 'Settimanale', 0, 0, 1528807773176),
(179, 314, 'LOGOPEDIA', '', '2018-07-18 13:00:00', '2018-07-18 14:00:00', 0, 7, 0, 9, 1, 1, 'Settimanale', 0, 0, 1528807773176),
(180, 314, 'LOGOPEDIA', '', '2018-07-25 13:00:00', '2018-07-25 14:00:00', 0, 7, 0, 9, 1, 1, 'Settimanale', 0, 0, 1528807773176),
(181, 314, 'LOGOPEDIA', '', '2018-05-04 13:00:00', '2018-05-04 14:00:00', 0, 7, 0, 9, 1, 1, 'Settimanale', 0, 0, 1528807937931),
(182, 314, 'LOGOPEDIA', '', '2018-05-11 13:00:00', '2018-05-11 14:00:00', 0, 7, 0, 9, 1, 1, 'Settimanale', 0, 0, 1528807937931),
(183, 314, 'LOGOPEDIA', '', '2018-05-18 13:00:00', '2018-05-18 14:00:00', 0, 7, 0, 9, 1, 1, 'Settimanale', 0, 0, 1528807937931),
(184, 314, 'LOGOPEDIA', '', '2018-05-25 13:00:00', '2018-05-25 14:00:00', 0, 7, 0, 9, 1, 1, 'Settimanale', 0, 0, 1528807937931),
(185, 314, 'LOGOPEDIA', '', '2018-06-01 13:00:00', '2018-06-01 14:00:00', 0, 7, 0, 9, 1, 1, 'Settimanale', 0, 0, 1528807937931),
(186, 314, 'LOGOPEDIA', '', '2018-06-08 13:00:00', '2018-06-08 14:00:00', 0, 7, 0, 9, 1, 1, 'Settimanale', 0, 0, 1528807937931),
(187, 314, 'LOGOPEDIA', '', '2018-06-15 13:00:00', '2018-06-15 14:00:00', 0, 7, 0, 9, 1, 1, 'Settimanale', 0, 0, 1528807937931),
(188, 314, 'LOGOPEDIA', '', '2018-06-22 13:00:00', '2018-06-22 14:00:00', 0, 7, 0, 9, 1, 1, 'Settimanale', 0, 0, 1528807937931),
(189, 314, 'LOGOPEDIA', '', '2018-06-29 13:00:00', '2018-06-29 14:00:00', 0, 7, 0, 9, 1, 1, 'Settimanale', 0, 0, 1528807937931),
(190, 314, 'LOGOPEDIA', '', '2018-07-06 13:00:00', '2018-07-06 14:00:00', 0, 7, 0, 9, 1, 1, 'Settimanale', 0, 0, 1528807937931),
(191, 314, 'LOGOPEDIA', '', '2018-07-13 13:00:00', '2018-07-13 14:00:00', 0, 7, 0, 9, 1, 1, 'Settimanale', 0, 0, 1528807937931),
(192, 314, 'LOGOPEDIA', '', '2018-07-20 13:00:00', '2018-07-20 14:00:00', 0, 7, 0, 9, 1, 1, 'Settimanale', 0, 0, 1528807937931),
(193, 314, 'LOGOPEDIA', '', '2018-07-27 13:00:00', '2018-07-27 14:00:00', 0, 7, 0, 9, 1, 1, 'Settimanale', 0, 0, 1528807937931),
(194, 348, 'Sara Onnis', '', '2018-06-05 14:00:00', '2018-06-05 14:30:00', 0, 34, 0, 11, 4, 13, 'Giornaliera', 0, 0, 1528826319746),
(195, 348, 'Sara Onnis', '', '2018-06-15 14:00:00', '2018-06-15 14:30:00', 0, 34, 0, 11, 4, 13, 'Giornaliera', 0, 0, 1528826319746),
(196, 344, 'Visita iniziale', '', '2018-06-08 16:30:00', '2018-06-08 17:30:00', 0, 34, 0, 11, 4, 13, 'Giornaliera', 0, 0, 1528827951974),
(197, 344, 'Visita iniziale', '', '2018-06-09 16:30:00', '2018-06-09 17:30:00', 0, 34, 0, 11, 4, 13, 'Giornaliera', 0, 0, 1528827951974),
(198, 344, 'Visita iniziale', '', '2018-06-11 16:30:00', '2018-06-11 17:30:00', 0, 34, 0, 11, 4, 13, 'Giornaliera', 0, 0, 1528827951974),
(199, 344, 'Visita iniziale', '', '2018-06-12 16:30:00', '2018-06-12 17:30:00', 0, 34, 0, 11, 4, 13, 'Giornaliera', 0, 0, 1528827951974),
(200, 344, 'Visita iniziale', '', '2018-06-13 16:30:00', '2018-06-13 17:30:00', 0, 34, 0, 11, 4, 13, 'Giornaliera', 0, 0, 1528827951974),
(201, 344, 'Visita iniziale', '', '2018-06-14 16:30:00', '2018-06-14 17:30:00', 0, 34, 0, 11, 4, 13, 'Giornaliera', 0, 0, 1528827951974),
(202, 344, 'Visita iniziale', '', '2018-06-15 16:30:00', '2018-06-15 17:30:00', 0, 34, 0, 11, 4, 13, 'Giornaliera', 0, 2, 1528827951974),
(203, 344, 'Visita iniziale', '', '2018-06-16 16:30:00', '2018-06-16 17:30:00', 0, 34, 0, 11, 4, 13, 'Giornaliera', 0, 0, 1528827951974),
(204, 344, 'Visita iniziale', '', '2018-06-18 16:30:00', '2018-06-18 17:30:00', 0, 34, 0, 11, 4, 13, 'Giornaliera', 0, 0, 1528827951974),
(205, 344, 'Visita iniziale', '', '2018-06-19 16:30:00', '2018-06-19 17:30:00', 0, 34, 0, 11, 4, 13, 'Giornaliera', 0, 0, 1528827951974),
(206, 344, 'Visita iniziale', '', '2018-06-20 16:30:00', '2018-06-20 17:30:00', 0, 34, 0, 11, 4, 13, 'Giornaliera', 0, 0, 1528827951974),
(207, 344, 'Visita iniziale', '', '2018-06-21 16:30:00', '2018-06-21 17:30:00', 0, 34, 0, 11, 4, 13, 'Giornaliera', 0, 0, 1528827951974),
(208, 344, 'Visita iniziale', '', '2018-06-22 16:30:00', '2018-06-22 17:30:00', 0, 34, 0, 11, 4, 13, 'Giornaliera', 0, 0, 1528827951974),
(209, 344, 'Visita iniziale', '', '2018-06-23 16:30:00', '2018-06-23 17:30:00', 0, 34, 0, 11, 4, 13, 'Giornaliera', 0, 0, 1528827951974),
(210, 344, 'Visita iniziale', '', '2018-06-25 16:30:00', '2018-06-25 17:30:00', 0, 34, 0, 11, 4, 13, 'Giornaliera', 0, 0, 1528827951974),
(211, 344, 'Visita iniziale', '', '2018-06-26 16:30:00', '2018-06-26 17:30:00', 0, 34, 0, 11, 4, 13, 'Giornaliera', 0, 0, 1528827951974),
(212, 344, 'Visita iniziale', '', '2018-06-27 16:30:00', '2018-06-27 17:30:00', 0, 34, 0, 11, 4, 13, 'Giornaliera', 0, 0, 1528827951974),
(213, 344, 'Visita iniziale', '', '2018-06-28 16:30:00', '2018-06-28 17:30:00', 0, 34, 0, 11, 4, 13, 'Giornaliera', 0, 0, 1528827951974),
(214, 344, 'Visita iniziale', '', '2018-06-29 16:30:00', '2018-06-29 17:30:00', 0, 34, 0, 11, 4, 13, 'Giornaliera', 0, 0, 1528827951974),
(215, 344, 'Visita iniziale', '', '2018-06-30 16:30:00', '2018-06-30 17:30:00', 0, 34, 0, 11, 4, 13, 'Giornaliera', 0, 0, 1528827951974),
(216, 281, 'tutoraggio', '', '2018-06-06 10:00:00', '2018-06-06 12:00:00', 0, 34, 0, 19, 4, 13, 'Settimanale', 0, 0, 1528830532426),
(217, 281, 'tutoraggio', '', '2018-06-13 10:00:00', '2018-06-13 12:00:00', 0, 34, 0, 19, 4, 13, 'Settimanale', 0, 0, 1528830532426),
(218, 281, 'tutoraggio', '', '2018-06-20 10:00:00', '2018-06-20 12:00:00', 0, 34, 0, 19, 4, 13, 'Settimanale', 0, 0, 1528830532426),
(219, 281, 'tutoraggio', '', '2018-06-27 10:00:00', '2018-06-27 12:00:00', 0, 34, 0, 19, 4, 13, 'Settimanale', 0, 0, 1528830532426),
(220, 281, 'tutoraggio', '', '2018-07-04 10:00:00', '2018-07-04 12:00:00', 0, 34, 0, 19, 4, 13, 'Settimanale', 0, 0, 1528830532426),
(221, 281, 'tutoraggio', '', '2018-07-11 10:00:00', '2018-07-11 12:00:00', 0, 34, 0, 19, 4, 13, 'Settimanale', 0, 0, 1528830532426),
(222, 281, 'tutoraggio', '', '2018-07-18 10:00:00', '2018-07-18 12:00:00', 0, 34, 0, 19, 4, 13, 'Settimanale', 0, 0, 1528830532426),
(223, 281, 'tutoraggio', '', '2018-07-25 10:00:00', '2018-07-25 12:00:00', 0, 34, 0, 19, 4, 13, 'Settimanale', 0, 0, 1528830532426),
(224, 0, 'Sabato', '', '2018-06-09 12:00:00', '2018-06-09 14:00:00', 0, 24, 1, 1, 1, 0, 'Settimanale', 0, 0, 1528830742890),
(225, 0, 'Sabato', '', '2018-06-09 16:00:00', '2018-06-09 18:00:00', 0, 24, 1, 1, 1, 0, 'Settimanale', 0, 0, 1528830742890),
(226, 0, 'Sabato', '', '2018-06-23 12:00:00', '2018-06-23 14:00:00', 0, 24, 1, 1, 1, 0, 'Settimanale', 0, 0, 1528830742890),
(227, 0, 'Sabato', '', '2018-06-30 12:00:00', '0000-00-00 00:00:00', 0, 24, 1, 1, 1, 0, 'Settimanale', 0, 0, 1528830742890),
(228, 206, 'Logopedia', '', '2018-06-14 18:00:00', '2018-06-14 19:00:00', 1, 15, 0, 21, 4, 2, 'Nessuna', 0, 0, 1528985619787),
(229, 51, 'Logopedia', '', '2018-06-12 16:00:00', '2018-06-12 17:00:00', 0, 15, 0, 22, 4, 2, 'Settimanale', 0, 1, 1528985721988),
(230, 51, 'Logopedia', '', '2018-06-19 16:00:00', '2018-06-19 17:00:00', 0, 15, 0, 22, 4, 2, 'Settimanale', 0, 1, 1528985721988),
(231, 51, 'Logopedia', '', '2018-06-26 16:00:00', '2018-06-26 17:00:00', 1, 15, 0, 22, 4, 2, 'Settimanale', 0, 0, 1528985721988),
(232, 51, 'Logopedia', '', '2018-06-21 16:00:00', '2018-06-21 17:00:00', 1, 15, 0, 23, 4, 2, 'Settimanale', 0, 0, 1528985801599),
(233, 51, 'Logopedia', '', '2018-06-28 16:00:00', '2018-06-28 17:00:00', 1, 15, 0, 23, 4, 2, 'Settimanale', 0, 0, 1528985801599),
(234, 51, 'Logopedia', 'Assenza giustificata', '2018-06-05 16:00:00', '2018-06-05 17:00:00', 0, 15, 0, 24, 4, 2, 'Nessuna', 0, 2, 1528985884757),
(235, 51, 'Logopedia', '', '2018-06-07 16:00:00', '2018-06-07 17:00:00', 0, 15, 0, 26, 4, 2, 'Settimanale', 0, 1, 1528985953646),
(236, 51, 'Logopedia', '', '2018-06-14 16:00:00', '2018-06-14 17:00:00', 0, 15, 0, 26, 4, 2, 'Settimanale', 0, 2, 1528985953646),
(237, 51, 'Logopedia', '', '2018-06-21 16:00:00', '2018-06-21 17:00:00', 0, 15, 0, 26, 4, 2, 'Settimanale', 0, 1, 1528985953646),
(238, 51, 'Logopedia', '', '2018-06-28 16:00:00', '2018-06-28 17:00:00', 1, 15, 0, 26, 4, 2, 'Settimanale', 0, 0, 1528985953646),
(239, 129, 'Logopedia', '', '2018-06-05 17:00:00', '2018-06-05 18:00:00', 0, 15, 0, 9, 4, 2, 'Settimanale', 0, 1, 1528986148921),
(240, 129, 'Logopedia', '', '2018-06-12 17:00:00', '2018-06-12 18:00:00', 0, 15, 0, 9, 4, 2, 'Settimanale', 0, 1, 1528986148921),
(241, 129, 'Logopedia', '', '2018-06-19 17:00:00', '2018-06-19 18:00:00', 0, 15, 0, 9, 4, 2, 'Settimanale', 0, 2, 1528986148921),
(242, 129, 'Logopedia', '', '2018-06-26 17:00:00', '2018-06-26 18:00:00', 0, 15, 0, 9, 4, 2, 'Settimanale', 0, 1, 1528986148921),
(243, 129, 'Logopedia', '', '2018-06-07 17:00:00', '2018-06-07 18:00:00', 0, 15, 0, 9, 4, 2, 'Settimanale', 0, 1, 1528986198117),
(244, 129, 'Logopedia', 'Visita neuropsichiatrica Gemelli', '2018-06-14 17:00:00', '2018-06-14 18:00:00', 0, 15, 0, 9, 4, 2, 'Settimanale', 0, 2, 1528986198117),
(245, 129, 'Logopedia', '', '2018-06-21 17:00:00', '2018-06-21 18:00:00', 0, 15, 0, 9, 4, 2, 'Settimanale', 0, 2, 1528986198117),
(246, 129, 'Logopedia', '', '2018-06-28 17:00:00', '2018-06-28 18:00:00', 1, 15, 0, 9, 4, 2, 'Settimanale', 0, 0, 1528986198117),
(247, 74, 'Logopedia', '', '2018-06-05 18:00:00', '2018-06-05 19:00:00', 0, 15, 0, 9, 4, 2, 'Settimanale', 0, 1, 1528986240758),
(248, 74, 'Logopedia', '', '2018-06-12 18:00:00', '2018-06-12 19:00:00', 0, 15, 0, 9, 4, 2, 'Settimanale', 0, 1, 1528986240758),
(249, 74, 'Logopedia', '', '2018-06-19 18:00:00', '2018-06-19 19:00:00', 0, 15, 0, 9, 4, 2, 'Settimanale', 0, 1, 1528986240758),
(250, 74, 'Logopedia', '', '2018-06-26 18:00:00', '2018-06-26 19:00:00', 0, 15, 0, 9, 4, 2, 'Settimanale', 0, 1, 1528986240758),
(251, 74, 'Logopedia', '', '2018-06-07 18:00:00', '2018-06-07 19:00:00', 0, 15, 0, 9, 4, 2, 'Settimanale', 0, 1, 1528986296247),
(252, 74, 'Logopedia', '', '2018-06-14 18:00:00', '2018-06-14 19:00:00', 0, 15, 0, 9, 4, 2, 'Settimanale', 0, 2, 1528986296247),
(253, 74, 'Logopedia', '', '2018-06-21 18:00:00', '2018-06-21 19:00:00', 0, 15, 0, 9, 4, 2, 'Settimanale', 0, 1, 1528986296247),
(254, 74, 'Logopedia', '', '2018-06-28 18:00:00', '2018-06-28 19:00:00', 0, 15, 0, 9, 4, 2, 'Settimanale', 0, 1, 1528986296247),
(255, 206, 'Logopedia', '', '2018-06-05 19:00:00', '2018-06-05 20:00:00', 0, 15, 0, 27, 4, 2, 'Settimanale', 0, 2, 1528986534552),
(256, 206, 'Logopedia', '', '2018-06-12 19:00:00', '2018-06-12 20:00:00', 0, 15, 0, 27, 4, 2, 'Settimanale', 0, 1, 1528986534552),
(257, 206, 'Logopedia', '', '2018-06-19 19:00:00', '2018-06-19 20:00:00', 0, 15, 0, 27, 4, 2, 'Settimanale', 0, 1, 1528986534552),
(258, 206, 'Logopedia', '', '2018-06-26 19:00:00', '2018-06-26 20:00:00', 1, 15, 0, 27, 4, 2, 'Settimanale', 0, 0, 1528986534552),
(259, 206, 'Logopedia', '', '2018-06-07 19:00:00', '2018-06-07 20:00:00', 0, 15, 0, 28, 4, 2, 'Settimanale', 0, 1, 1528987687818),
(260, 206, 'Logopedia', '', '2018-06-14 19:00:00', '2018-06-14 20:00:00', 0, 15, 0, 28, 4, 2, 'Settimanale', 0, 1, 1528987687818),
(261, 206, 'Logopedia', '', '2018-06-21 19:00:00', '2018-06-21 20:00:00', 0, 15, 0, 28, 4, 2, 'Settimanale', 0, 2, 1528987687818),
(262, 206, 'Logopedia', '', '2018-06-28 19:00:00', '2018-06-28 20:00:00', 1, 15, 0, 28, 4, 2, 'Settimanale', 0, 0, 1528987687818),
(263, 18, 'Logopedia', '', '2018-06-19 15:00:00', '2018-06-19 16:00:00', 0, 15, 0, 29, 4, 2, 'Settimanale', 0, 1, 1528993195446),
(264, 18, 'Logopedia', '', '2018-06-26 15:00:00', '2018-06-26 16:00:00', 1, 15, 0, 29, 4, 2, 'Settimanale', 0, 0, 1528993195446),
(265, 18, 'Logopedia', '', '2018-06-21 15:00:00', '2018-06-21 16:00:00', 0, 15, 0, 30, 4, 2, 'Settimanale', 0, 1, 1528993305898),
(266, 18, 'Logopedia', '', '2018-06-28 15:00:00', '2018-06-28 16:00:00', 1, 15, 0, 30, 4, 2, 'Settimanale', 0, 0, 1528993305898),
(267, 31, 'terapia', 'assenza avvisata per malattia', '2018-06-15 17:00:00', '2018-06-15 18:00:00', 0, 27, 0, 9, 5, 11, 'Mensile', 0, 2, 1529074842120),
(268, 211, 'Terapia Logopedica', '', '2018-06-18 15:00:00', '2018-06-18 16:00:00', 1, 8, 0, 9, 2, 2, 'Mensile', 0, 0, 1529329226516),
(269, 211, 'Terapia Logopedica', '', '2018-06-04 15:00:00', '2018-06-04 16:00:00', 1, 8, 0, 9, 2, 2, 'Settimanale', 0, 0, 1529329331075),
(270, 211, 'Terapia Logopedica', '', '2018-06-11 15:00:00', '2018-06-11 16:00:00', 1, 8, 0, 9, 2, 2, 'Settimanale', 0, 0, 1529329331075),
(271, 211, 'Terapia Logopedica', '', '2018-06-18 15:00:00', '2018-06-18 16:00:00', 1, 8, 0, 9, 2, 2, 'Settimanale', 0, 0, 1529329331075),
(272, 211, 'Terapia Logopedica', '', '2018-06-25 15:00:00', '2018-06-25 16:00:00', 1, 8, 0, 9, 2, 2, 'Settimanale', 0, 0, 1529329331075),
(273, 211, 'Terapia Logopedica', '', '2018-06-04 15:00:00', '2018-06-04 16:00:00', 0, 8, 0, 9, 2, 2, 'Settimanale', 0, 2, 1529329388496),
(274, 211, 'Terapia Logopedica', '', '2018-06-11 15:00:00', '2018-06-11 16:00:00', 0, 8, 0, 9, 2, 2, 'Settimanale', 0, 1, 1529329388496),
(275, 211, 'Terapia Logopedica', '', '2018-06-18 15:00:00', '2018-06-18 16:00:00', 0, 8, 0, 9, 2, 2, 'Settimanale', 0, 1, 1529329388496),
(276, 211, 'Terapia Logopedica', '', '2018-06-25 15:00:00', '2018-06-25 16:00:00', 0, 8, 0, 9, 2, 2, 'Settimanale', 0, 1, 1529329388496),
(277, 31, 'Terapia Logopedica', '', '2018-06-04 16:00:00', '2018-06-04 17:00:00', 1, 8, 0, 9, 2, 2, 'Settimanale', 0, 0, 1529330329300),
(278, 31, 'Terapia Logopedica', '', '2018-06-11 16:00:00', '2018-06-11 17:00:00', 1, 8, 0, 9, 2, 2, 'Settimanale', 0, 0, 1529330329300),
(279, 31, 'Terapia Logopedica', '', '2018-06-18 17:00:00', '2018-06-18 18:00:00', 1, 8, 0, 8, 2, 2, 'Settimanale', 0, 0, 1529330329300),
(280, 31, 'Terapia Logopedica', '', '2018-06-25 16:00:00', '2018-06-25 17:00:00', 1, 8, 0, 9, 2, 2, 'Settimanale', 0, 0, 1529330329300),
(281, 31, 'Terapia Logopedica', '', '2018-06-04 16:00:00', '2018-06-04 17:00:00', 0, 8, 0, 32, 2, 2, 'Settimanale', 0, 2, 1529330913934),
(282, 31, 'Terapia Logopedica', '', '2018-06-11 16:00:00', '2018-06-11 17:00:00', 0, 8, 0, 32, 2, 2, 'Settimanale', 0, 1, 1529330913934),
(283, 31, 'Terapia Logopedica', '', '2018-06-18 16:00:00', '2018-06-18 17:00:00', 0, 8, 0, 32, 2, 2, 'Settimanale', 0, 1, 1529330913934),
(284, 31, 'Terapia Logopedica', '', '2018-06-25 16:00:00', '2018-06-25 17:00:00', 0, 8, 0, 32, 2, 2, 'Settimanale', 0, 2, 1529330913934),
(285, 31, 'Terapia Logopedica', '', '2018-06-07 16:00:00', '2018-06-07 17:00:00', 0, 8, 0, 33, 2, 2, 'Settimanale', 0, 1, 1529331023328),
(286, 31, 'Terapia Logopedica', '', '2018-06-14 16:00:00', '2018-06-14 17:00:00', 0, 8, 0, 33, 2, 2, 'Settimanale', 0, 2, 1529331023328),
(287, 31, 'Terapia Logopedica', '', '2018-06-21 16:00:00', '2018-06-21 17:00:00', 0, 8, 0, 33, 2, 2, 'Settimanale', 0, 1, 1529331023328),
(288, 31, 'Terapia Logopedica', '', '2018-06-28 16:00:00', '2018-06-28 17:00:00', 0, 8, 0, 33, 2, 2, 'Settimanale', 0, 2, 1529331023328),
(289, 13, 'Valutazione Logopedica', 'Valutazione con Manuela', '2018-06-21 17:00:00', '2018-06-21 18:00:00', 1, 8, 0, 9, 2, 2, 'Nessuna', 0, 1, 1529331105657),
(290, 211, 'Terapia Logopedica', '', '2018-06-07 17:00:00', '2018-06-07 18:00:00', 0, 8, 0, 9, 2, 2, 'Settimanale', 0, 1, 1529331455472),
(291, 211, 'Terapia Logopedica', '', '2018-06-21 17:00:00', '2018-06-21 18:00:00', 0, 8, 0, 9, 2, 2, 'Settimanale', 0, 2, 1529331455472),
(292, 211, 'Terapia Logopedica', '', '2018-06-21 17:00:00', '2018-06-21 18:00:00', 1, 8, 0, 9, 2, 2, 'Settimanale', 0, 2, 1529331455472),
(293, 211, 'Terapia Logopedica', '', '2018-06-28 17:00:00', '2018-06-28 18:00:00', 0, 8, 0, 9, 2, 2, 'Settimanale', 0, 2, 1529331455472),
(294, 13, 'Terapia Logopedica', '', '2018-06-11 17:00:00', '2018-06-11 18:00:00', 0, 8, 0, 35, 2, 2, 'Nessuna', 0, 1, 1529332137012),
(295, 13, 'Valutazione Logopedica', 'Valutazione con Manuela', '2018-06-14 17:00:00', '2018-06-14 18:00:00', 0, 8, 0, 36, 2, 2, 'Nessuna', 0, 1, 1529332412807),
(296, 13, 'Valutazione Logopedica', 'Valutazione con Manuela', '2018-06-21 15:00:00', '2018-06-21 16:00:00', 0, 8, 0, 10, 2, 2, 'Nessuna', 0, 1, 1529332570664),
(297, 116, 'logopedia', '', '2018-06-05 13:00:00', '2018-06-05 14:00:00', 0, 12, 0, 9, 1, 2, 'Settimanale', 0, 1, 1529525799611),
(298, 116, 'logopedia', '', '2018-06-13 15:00:00', '2018-06-13 16:00:00', 0, 12, 0, 9, 1, 2, 'Settimanale', 0, 1, 1529525799611),
(299, 116, 'logopedia', '', '2018-06-20 15:00:00', '2018-06-20 16:00:00', 0, 12, 0, 9, 1, 2, 'Settimanale', 0, 1, 1529525799611),
(300, 116, 'logopedia', '', '2018-06-27 15:00:00', '2018-06-27 16:00:00', 0, 12, 0, 9, 1, 2, 'Settimanale', 0, 1, 1529525799611),
(301, 116, 'logopedia', '', '2018-07-03 13:00:00', '2018-07-03 14:00:00', 1, 12, 0, 9, 1, 2, 'Settimanale', 0, 0, 1529525799611),
(302, 116, 'logopedia', '', '2018-07-10 13:00:00', '2018-07-10 14:00:00', 0, 12, 0, 9, 1, 2, 'Settimanale', 0, 0, 1529525799611),
(303, 116, 'logopedia', '', '2018-07-17 13:00:00', '2018-07-17 14:00:00', 0, 12, 0, 9, 1, 2, 'Settimanale', 0, 0, 1529525799611),
(304, 116, 'logopedia', '', '2018-07-24 13:00:00', '2018-07-24 14:00:00', 0, 12, 0, 9, 1, 2, 'Settimanale', 0, 0, 1529525799611),
(305, 116, 'logopedia', '', '2018-06-06 15:00:00', '2018-06-06 16:00:00', 0, 12, 0, 9, 1, 2, 'Settimanale', 0, 1, 1529568018225),
(306, 116, 'logopedia', '', '2018-06-14 13:00:00', '2018-06-14 14:00:00', 0, 12, 0, 9, 1, 2, 'Settimanale', 0, 2, 1529568018225),
(307, 116, 'logopedia', '', '2018-06-23 15:00:00', '2018-06-23 16:00:00', 0, 12, 0, 9, 1, 2, 'Settimanale', 0, 1, 1529568018225),
(308, 116, 'logopedia', '', '2018-06-28 13:00:00', '2018-06-28 14:00:00', 1, 12, 0, 9, 1, 2, 'Settimanale', 0, 0, 1529568018225),
(309, 116, 'logopedia', '', '2018-07-05 13:00:00', '2018-07-05 14:00:00', 1, 12, 0, 9, 1, 2, 'Settimanale', 0, 0, 1529568018225),
(310, 116, 'logopedia', '', '2018-07-12 13:00:00', '2018-07-12 14:00:00', 0, 12, 0, 9, 1, 2, 'Settimanale', 0, 0, 1529568018225),
(311, 116, 'logopedia', '', '2018-07-19 13:00:00', '2018-07-19 14:00:00', 0, 12, 0, 9, 1, 2, 'Settimanale', 0, 0, 1529568018225),
(312, 116, 'logopedia', '', '2018-07-26 13:00:00', '2018-07-26 14:00:00', 0, 12, 0, 9, 1, 2, 'Settimanale', 0, 0, 1529568018225),
(313, 108, 'logopedia', '', '2018-06-05 14:00:00', '2018-06-05 15:00:00', 1, 12, 0, 8, 1, 2, 'Settimanale', 0, 1, 1529568064577),
(314, 108, 'logopedia', '', '2018-06-12 14:00:00', '2018-06-12 14:30:00', 1, 12, 0, 9, 1, 2, 'Settimanale', 0, 0, 1529568064577),
(315, 108, 'logopedia', '', '2018-06-19 14:00:00', '2018-06-19 14:30:00', 1, 12, 0, 9, 1, 2, 'Settimanale', 0, 0, 1529568064577),
(316, 108, 'logopedia', '', '2018-06-26 14:00:00', '2018-06-26 14:30:00', 1, 12, 0, 9, 1, 2, 'Settimanale', 0, 0, 1529568064577),
(317, 108, 'logopedia', '', '2018-07-03 14:00:00', '2018-07-03 14:30:00', 1, 12, 0, 9, 1, 2, 'Settimanale', 0, 0, 1529568064577),
(318, 108, 'logopedia', '', '2018-07-10 14:00:00', '2018-07-10 14:30:00', 1, 12, 0, 9, 1, 2, 'Settimanale', 0, 0, 1529568064577),
(319, 108, 'logopedia', '', '2018-07-17 14:00:00', '2018-07-17 14:30:00', 1, 12, 0, 9, 1, 2, 'Settimanale', 0, 0, 1529568064577),
(320, 108, 'logopedia', '', '2018-07-24 14:00:00', '2018-07-24 14:30:00', 1, 12, 0, 9, 1, 2, 'Settimanale', 0, 0, 1529568064577),
(321, 108, 'logopedia', '', '2018-07-31 14:00:00', '2018-07-31 14:30:00', 1, 12, 0, 9, 1, 2, 'Settimanale', 0, 0, 1529568064577),
(322, 108, 'logopedia', '', '2018-06-09 21:00:00', '2018-06-09 22:00:00', 0, 12, 0, 9, 1, 2, 'Settimanale', 0, 1, 1529568112220),
(323, 108, 'logopedia', '', '2018-06-14 19:00:00', '2018-06-14 20:00:00', 0, 12, 0, 9, 1, 2, 'Settimanale', 0, 1, 1529568112220),
(324, 108, 'logopedia', '', '2018-06-21 19:00:00', '2018-06-21 20:00:00', 0, 12, 0, 9, 1, 2, 'Settimanale', 0, 1, 1529568112220),
(325, 108, 'logopedia', '', '2018-06-28 19:00:00', '2018-06-28 20:00:00', 0, 12, 0, 9, 1, 2, 'Settimanale', 0, 1, 1529568112220),
(326, 108, 'logopedia', '', '2018-07-05 19:00:00', '2018-07-05 20:00:00', 0, 12, 0, 9, 1, 2, 'Settimanale', 0, 0, 1529568112220),
(327, 108, 'logopedia', '', '2018-07-12 19:00:00', '2018-07-12 20:00:00', 0, 12, 0, 9, 1, 2, 'Settimanale', 0, 0, 1529568112220),
(328, 108, 'logopedia', '', '2018-07-19 19:00:00', '2018-07-19 20:00:00', 0, 12, 0, 9, 1, 2, 'Settimanale', 0, 0, 1529568112220),
(329, 108, 'logopedia', '', '2018-07-26 19:00:00', '2018-07-26 20:00:00', 0, 12, 0, 9, 1, 2, 'Settimanale', 0, 0, 1529568112220),
(330, 181, 'logopedia', '', '2018-06-05 18:00:00', '2018-06-05 19:00:00', 0, 12, 0, 9, 1, 2, 'Nessuna', 0, 2, 1529568255920),
(331, 89, 'logopedia', '', '2018-06-05 19:00:00', '2018-06-05 20:00:00', 0, 12, 0, 9, 1, 2, 'Settimanale', 0, 1, 1529568337059),
(332, 89, 'logopedia', '', '2018-06-12 19:00:00', '2018-06-12 20:00:00', 0, 12, 0, 9, 1, 2, 'Settimanale', 0, 1, 1529568337059),
(333, 89, 'logopedia', '', '2018-06-19 19:00:00', '2018-06-19 20:00:00', 0, 12, 0, 9, 1, 2, 'Settimanale', 0, 1, 1529568337059),
(334, 89, 'logopedia', '', '2018-06-26 19:00:00', '2018-06-26 20:00:00', 0, 12, 0, 9, 1, 2, 'Settimanale', 0, 1, 1529568337059),
(335, 34, 'logopedia', '', '2018-06-06 14:00:00', '2018-06-06 15:00:00', 0, 12, 0, 9, 1, 2, 'Settimanale', 0, 1, 1529568560314),
(336, 34, 'logopedia', '', '2018-06-13 14:00:00', '2018-06-13 15:00:00', 0, 12, 0, 9, 1, 2, 'Settimanale', 0, 2, 1529568560314),
(337, 34, 'logopedia', '', '2018-06-20 14:00:00', '2018-06-20 15:00:00', 0, 12, 0, 9, 1, 2, 'Settimanale', 0, 1, 1529568560314),
(338, 34, 'logopedia', '', '2018-06-27 16:00:00', '2018-06-27 17:00:00', 0, 12, 0, 9, 1, 2, 'Settimanale', 0, 1, 1529568560314),
(339, 34, 'logopedia', '', '2018-07-04 14:00:00', '2018-07-04 15:00:00', 0, 12, 0, 9, 1, 2, 'Settimanale', 0, 0, 1529568560314),
(340, 34, 'logopedia', '', '2018-07-11 14:00:00', '2018-07-11 15:00:00', 0, 12, 0, 9, 1, 2, 'Settimanale', 0, 0, 1529568560314),
(341, 34, 'logopedia', '', '2018-07-18 14:00:00', '2018-07-18 15:00:00', 0, 12, 0, 9, 1, 2, 'Settimanale', 0, 0, 1529568560314),
(342, 34, 'logopedia', '', '2018-07-25 14:00:00', '2018-07-25 15:00:00', 0, 12, 0, 9, 1, 2, 'Settimanale', 0, 0, 1529568560314),
(343, 343, 'logopedia', '', '2018-06-06 18:00:00', '2018-06-06 19:00:00', 0, 12, 0, 8, 1, 2, 'Settimanale', 0, 1, 1529569220301),
(344, 89, 'logopedia', '', '2018-06-06 19:00:00', '2018-06-06 20:00:00', 0, 12, 0, 9, 1, 2, 'Settimanale', 0, 1, 1529569277454),
(345, 89, 'logopedia', '', '2018-06-19 23:00:00', '2018-06-20 00:00:00', 0, 12, 0, 9, 1, 2, 'Settimanale', 0, 1, 1529569277454),
(346, 89, 'logopedia', '', '2018-06-20 19:00:00', '2018-06-20 20:00:00', 0, 12, 0, 9, 1, 2, 'Settimanale', 0, 1, 1529569277454),
(347, 41, 'logopedia', '', '2018-06-06 20:00:00', '2018-06-06 21:00:00', 0, 12, 0, 39, 1, 2, 'Settimanale', 0, 1, 1529569357257),
(348, 41, 'logopedia', '', '2018-06-14 18:00:00', '2018-06-14 19:00:00', 0, 12, 0, 39, 1, 2, 'Settimanale', 0, 1, 1529569357257),
(349, 104, 'logopedia', '', '2018-06-07 14:00:00', '2018-06-07 15:00:00', 1, 12, 0, 9, 1, 2, 'Settimanale', 0, 0, 1529569396758),
(350, 104, 'logopedia', '', '2018-06-14 14:00:00', '2018-06-14 15:00:00', 0, 12, 0, 9, 1, 2, 'Settimanale', 0, 1, 1529569396758),
(351, 104, 'logopedia', '', '2018-06-21 14:00:00', '2018-06-21 15:00:00', 0, 12, 0, 9, 1, 2, 'Settimanale', 0, 2, 1529569396758),
(352, 104, 'logopedia', '', '2018-06-28 14:00:00', '2018-06-28 15:00:00', 0, 12, 0, 9, 1, 2, 'Settimanale', 0, 1, 1529569396758),
(353, 104, 'logopedia', '', '2018-07-05 14:00:00', '2018-07-05 15:00:00', 0, 12, 0, 9, 1, 2, 'Settimanale', 0, 0, 1529569396758),
(354, 104, 'logopedia', '', '2018-07-12 14:00:00', '2018-07-12 15:00:00', 0, 12, 0, 9, 1, 2, 'Settimanale', 0, 0, 1529569396758),
(355, 104, 'logopedia', '', '2018-07-19 14:00:00', '2018-07-19 15:00:00', 0, 12, 0, 9, 1, 2, 'Settimanale', 0, 0, 1529569396758),
(356, 104, 'logopedia', '', '2018-07-26 14:00:00', '2018-07-26 15:00:00', 0, 12, 0, 9, 1, 2, 'Settimanale', 0, 0, 1529569396758),
(357, 17, 'logopedia', '', '2018-06-05 15:00:00', '2018-06-05 16:00:00', 0, 12, 0, 40, 1, 2, 'Settimanale', 0, 1, 1529569631021),
(358, 17, 'logopedia', '', '2018-06-12 15:00:00', '2018-06-12 16:00:00', 0, 12, 0, 40, 1, 2, 'Settimanale', 0, 1, 1529569631021),
(359, 17, 'logopedia', '', '2018-06-19 15:00:00', '2018-06-19 16:00:00', 0, 12, 0, 40, 1, 2, 'Settimanale', 0, 1, 1529569631021),
(360, 17, 'logopedia', '', '2018-06-26 15:00:00', '2018-06-26 16:00:00', 1, 12, 0, 40, 1, 2, 'Settimanale', 0, 0, 1529569631021),
(361, 17, 'logopedia', '', '2018-06-09 10:00:00', '2018-06-09 11:00:00', 0, 12, 0, 8, 1, 2, 'Settimanale', 0, 1, 1529569690057),
(362, 17, 'logopedia', '', '2018-06-14 06:00:00', '2018-06-14 07:00:00', 0, 12, 0, 41, 1, 2, 'Settimanale', 0, 1, 1529569690057),
(363, 17, 'logopedia', '', '2018-06-23 04:00:00', '2018-06-23 05:00:00', 0, 12, 0, 41, 1, 2, 'Settimanale', 0, 1, 1529569690057),
(364, 17, 'logopedia', '', '2018-06-28 06:00:00', '2018-06-28 07:00:00', 0, 12, 0, 41, 1, 2, 'Settimanale', 0, 1, 1529569690057),
(365, 104, 'logopedia', '', '2018-06-09 04:00:00', '2018-06-09 05:00:00', 0, 12, 0, 9, 1, 2, 'Settimanale', 0, 1, 1529569841339),
(366, 104, 'logopedia', '', '2018-06-16 04:00:00', '2018-06-16 05:00:00', 1, 12, 0, 9, 1, 2, 'Settimanale', 0, 0, 1529569841339),
(367, 104, 'logopedia', '', '2018-06-23 04:00:00', '2018-06-23 05:00:00', 0, 12, 0, 9, 1, 2, 'Settimanale', 0, 1, 1529569841339),
(368, 104, 'logopedia', '', '2018-06-30 04:00:00', '2018-06-30 05:00:00', 1, 12, 0, 9, 1, 2, 'Settimanale', 0, 0, 1529569841339),
(369, 104, 'logopedia', '', '2018-07-07 04:00:00', '2018-07-07 05:00:00', 0, 12, 0, 9, 1, 2, 'Settimanale', 0, 0, 1529569841339),
(370, 104, 'logopedia', '', '2018-07-14 04:00:00', '2018-07-14 05:00:00', 0, 12, 0, 9, 1, 2, 'Settimanale', 0, 0, 1529569841339),
(371, 104, 'logopedia', '', '2018-07-21 04:00:00', '2018-07-21 05:00:00', 0, 12, 0, 9, 1, 2, 'Settimanale', 0, 0, 1529569841339),
(372, 104, 'logopedia', '', '2018-07-28 04:00:00', '2018-07-28 05:00:00', 0, 12, 0, 9, 1, 2, 'Settimanale', 0, 0, 1529569841339),
(373, 343, 'logopedia', '', '2018-06-09 12:00:00', '2018-06-09 13:00:00', 0, 12, 0, 42, 1, 2, 'Settimanale', 0, 1, 1529569910380),
(374, 108, 'logopedia', '', '2018-06-05 14:00:00', '2018-06-05 15:00:00', 0, 12, 0, 43, 1, 2, 'Nessuna', 0, 1, 1529570639724),
(375, 146, 'logopedia', '', '2018-06-05 14:00:00', '2018-06-05 15:00:00', 0, 12, 0, 44, 1, 2, 'Nessuna', 0, 1, 1529570677428),
(376, 108, 'logopedia', '', '2018-06-12 14:00:00', '2018-06-12 15:00:00', 0, 12, 0, 9, 1, 2, 'Mensile', 0, 1, 1529570937407),
(377, 108, 'logopedia', '', '2018-07-12 14:00:00', '2018-07-12 15:00:00', 0, 12, 0, 9, 1, 2, 'Mensile', 0, 0, 1529570937407),
(378, 181, 'logopedia', '', '2018-06-12 18:00:00', '2018-06-12 19:00:00', 0, 12, 0, 9, 1, 2, 'Settimanale', 0, 1, 1529571010205),
(379, 181, 'logopedia', '', '2018-06-19 18:00:00', '2018-06-19 19:00:00', 1, 12, 0, 9, 1, 2, 'Settimanale', 0, 0, 1529571010205),
(380, 181, 'logopedia', '', '2018-06-26 18:00:00', '2018-06-26 19:00:00', 0, 12, 0, 9, 1, 2, 'Settimanale', 0, 1, 1529571010205),
(381, 224, 'logopedia', '', '2018-06-13 18:00:00', '2018-06-13 19:00:00', 0, 12, 0, 45, 1, 2, 'Nessuna', 0, 1, 1529571140824),
(382, 108, 'logopedia', '', '2018-06-19 14:00:00', '2018-06-19 15:00:00', 0, 12, 0, 9, 1, 2, 'Settimanale', 0, 1, 1529571338471),
(383, 108, 'logopedia', '', '2018-06-26 14:00:00', '2018-06-26 15:00:00', 0, 12, 0, 9, 1, 2, 'Settimanale', 0, 1, 1529571338471),
(384, 108, 'logopedia', '', '2018-07-03 14:00:00', '2018-07-03 15:00:00', 0, 12, 0, 9, 1, 2, 'Settimanale', 0, 0, 1529571338471),
(385, 108, 'logopedia', '', '2018-07-10 14:00:00', '2018-07-10 15:00:00', 0, 12, 0, 9, 1, 2, 'Settimanale', 0, 0, 1529571338471),
(386, 108, 'logopedia', '', '2018-07-17 14:00:00', '2018-07-17 15:00:00', 0, 12, 0, 9, 1, 2, 'Settimanale', 0, 0, 1529571338471),
(387, 108, 'logopedia', '', '2018-07-24 14:00:00', '2018-07-24 15:00:00', 0, 12, 0, 9, 1, 2, 'Settimanale', 0, 0, 1529571338471),
(388, 108, 'logopedia', '', '2018-07-31 14:00:00', '2018-07-31 15:00:00', 0, 12, 0, 9, 1, 2, 'Settimanale', 0, 0, 1529571338471),
(389, 181, 'logopedia', '', '2018-06-20 17:00:00', '2018-06-20 18:00:00', 0, 12, 0, 9, 1, 2, 'Nessuna', 0, 1, 1529571413917),
(390, 13, 'Restituzione valutazione ', '', '2018-07-12 16:00:00', '2018-07-12 17:00:00', 0, 8, 0, 46, 2, 2, 'Nessuna', 0, 0, 1529592129085),
(391, 34, 'logopedia', '', '2018-06-21 18:00:00', '2018-06-21 19:00:00', 0, 12, 0, 9, 1, 2, 'Settimanale', 0, 1, 1529601076351),
(392, 34, 'logopedia', '', '2018-06-28 18:00:00', '2018-06-28 19:00:00', 0, 12, 0, 9, 1, 2, 'Settimanale', 0, 1, 1529601076351),
(393, 34, 'logopedia', '', '2018-07-05 18:00:00', '2018-07-05 19:00:00', 0, 12, 0, 9, 1, 2, 'Settimanale', 0, 0, 1529601076351),
(394, 34, 'logopedia', '', '2018-07-12 18:00:00', '2018-07-12 19:00:00', 0, 12, 0, 9, 1, 2, 'Settimanale', 0, 0, 1529601076351),
(395, 34, 'logopedia', '', '2018-07-19 18:00:00', '2018-07-19 19:00:00', 0, 12, 0, 9, 1, 2, 'Settimanale', 0, 0, 1529601076351),
(396, 34, 'logopedia', '', '2018-07-26 18:00:00', '2018-07-26 19:00:00', 0, 12, 0, 9, 1, 2, 'Settimanale', 0, 0, 1529601076351);
INSERT INTO `agenda` (`id`, `idPaziente`, `title`, `nota`, `start`, `end`, `eventoCancellato`, `idTerapista`, `idDopoScuola`, `idTariffa`, `idStanza`, `idCat`, `ricorrenza`, `gruppoRicorrenza`, `stato`, `now`) VALUES
(397, 71, 'tutoraggio', '', '2018-06-05 15:00:00', '2018-06-05 16:30:00', 0, 13, 0, 7, 5, 4, 'Nessuna', 0, 1, 1529933247719),
(398, 71, 'tutoraggio', '', '2018-06-14 10:00:00', '2018-06-14 11:30:00', 0, 13, 0, 7, 5, 4, 'Nessuna', 0, 1, 1529933284399),
(399, 284, 'TUTORAGGIO', '', '2018-06-26 15:00:00', '2018-06-26 17:00:00', 0, 13, 0, 7, 5, 4, 'Nessuna', 0, 1, 1529933929972),
(400, 284, 'TUTORAGGIO', '', '2018-06-27 11:00:00', '2018-06-27 13:00:00', 0, 13, 0, 7, 5, 4, 'Nessuna', 0, 1, 1529933959351),
(401, 284, 'TUTORAGGIO', '', '2018-06-28 10:00:00', '2018-06-28 11:00:00', 0, 13, 0, 7, 5, 4, 'Nessuna', 0, 1, 1529933990845),
(402, 188, 'tutoraggio', '', '2018-06-28 11:30:00', '2018-06-28 13:30:00', 0, 13, 0, 7, 5, 4, 'Nessuna', 0, 1, 1529934231922),
(403, 51, 'Logopedia', '', '2018-06-26 17:00:00', '2018-06-26 18:00:00', 0, 15, 0, 8, 4, 2, 'Nessuna', 0, 1, 1530020711460),
(404, 89, 'logopedia', '', '2018-06-26 10:00:00', '2018-06-26 11:00:00', 0, 12, 0, 9, 1, 2, 'Nessuna', 0, 1, 1530024721015),
(405, 344, 'a', '', '2018-04-04 11:24:00', '2018-04-04 11:54:00', 1, 2, 0, 11, 1, 0, 'Nessuna', 0, 0, 1530024860581),
(406, 344, 'a', '', '2018-04-04 18:00:00', '2018-04-04 18:30:00', 1, 2, 0, 11, 1, 0, 'Nessuna', 0, 0, 1530025146772),
(407, 340, 'logopedia', '', '2018-06-06 16:00:00', '2018-06-06 17:00:00', 0, 12, 0, 9, 1, 2, 'Settimanale', 0, 1, 1530025417069),
(408, 340, 'logopedia', '', '2018-06-13 16:00:00', '2018-06-13 17:00:00', 0, 12, 0, 9, 1, 2, 'Settimanale', 0, 1, 1530025417069),
(409, 340, 'logopedia', '', '2018-06-20 16:00:00', '2018-06-20 17:00:00', 0, 12, 0, 9, 1, 2, 'Settimanale', 0, 1, 1530025417069),
(410, 340, 'logopedia', '', '2018-06-27 16:00:00', '2018-06-27 17:00:00', 0, 12, 0, 9, 1, 2, 'Settimanale', 0, 1, 1530025417069),
(411, 104, 'logopedia', '', '2018-06-09 11:00:00', '2018-06-09 12:00:00', 1, 12, 0, 9, 1, 2, 'Nessuna', 0, 0, 1530025491522),
(412, 51, 'Logopedia', '', '2018-06-28 17:00:00', '2018-06-28 18:00:00', 0, 15, 0, 8, 4, 2, 'Nessuna', 0, 1, 1530028105263),
(413, 51, 'NeuropsicomotricitÃ ', '', '2018-06-04 17:00:00', '2018-06-04 18:00:00', 0, 33, 0, 47, 4, 3, 'Settimanale', 0, 1, 1530178992290),
(414, 51, 'NeuropsicomotricitÃ ', '', '2018-06-11 17:00:00', '2018-06-11 18:00:00', 0, 33, 0, 47, 4, 3, 'Settimanale', 0, 2, 1530178992290),
(415, 51, 'NeuropsicomotricitÃ ', '', '2018-06-18 17:00:00', '2018-06-18 18:00:00', 0, 33, 0, 47, 4, 3, 'Settimanale', 0, 0, 1530178992290),
(416, 51, 'NeuropsicomotricitÃ ', '', '2018-06-25 17:00:00', '2018-06-25 18:00:00', 0, 33, 0, 47, 4, 3, 'Settimanale', 0, 2, 1530178992290),
(417, 49, 'NeuropsicomotricitÃ ', '', '2018-06-04 18:00:00', '2018-06-04 19:00:00', 0, 33, 0, 9, 4, 3, 'Settimanale', 0, 1, 1530179618876),
(418, 49, 'NeuropsicomotricitÃ ', '', '2018-06-11 18:00:00', '2018-06-11 19:00:00', 0, 33, 0, 9, 4, 3, 'Settimanale', 0, 1, 1530179618876),
(419, 49, 'NeuropsicomotricitÃ ', '', '2018-06-13 20:00:00', '2018-06-13 21:00:00', 0, 33, 0, 9, 4, 3, 'Settimanale', 0, 1, 1530179618876),
(420, 49, 'NeuropsicomotricitÃ ', '', '2018-06-27 20:00:00', '2018-06-27 21:00:00', 0, 33, 0, 9, 4, 3, 'Settimanale', 0, 1, 1530179618876),
(421, 49, 'NeuropsicomotricitÃ ', '', '2018-06-01 08:00:00', '2018-06-01 09:00:00', 0, 33, 0, 9, 4, 3, 'Nessuna', 0, 1, 1530180166710),
(422, 49, 'NeuropsicomotricitÃ ', '', '2018-06-08 08:00:00', '2018-06-08 09:00:00', 0, 33, 0, 9, 4, 3, 'Nessuna', 0, 2, 1530180221042),
(423, 49, 'NeuropsicomotricitÃ ', '', '2018-06-15 08:00:00', '2018-06-15 09:00:00', 0, 33, 0, 9, 4, 3, 'Nessuna', 0, 1, 1530180330058),
(424, 49, 'NeuropsicomotricitÃ ', '', '2018-06-22 08:00:00', '2018-06-22 09:00:00', 0, 33, 0, 9, 4, 3, 'Nessuna', 0, 1, 1530180345154),
(425, 121, 'NeuropsicomotricitÃ ', '', '2018-06-01 09:00:00', '2018-06-01 10:00:00', 0, 33, 0, 51, 4, 3, 'Nessuna', 0, 1, 1530180608307),
(426, 121, 'NeuropsicomotricitÃ ', '', '2018-06-08 09:00:00', '2018-06-08 10:00:00', 0, 33, 0, 52, 4, 3, 'Nessuna', 0, 1, 1530180632776),
(427, 121, 'NeuropsicomotricitÃ ', '', '2018-06-15 09:00:00', '2018-06-15 10:00:00', 0, 33, 0, 53, 4, 3, 'Nessuna', 0, 1, 1530180680357),
(428, 121, 'NeuropsicomotricitÃ ', '', '2018-06-22 09:00:00', '2018-06-22 10:00:00', 0, 33, 0, 54, 4, 3, 'Nessuna', 0, 2, 1530180723524),
(429, 287, 'Tutoraggio', '', '2018-06-06 15:30:00', '2018-06-06 17:30:00', 0, 17, 0, 55, 5, 4, 'Nessuna', 0, 0, 1530188161623),
(430, 287, 'Tutoraggio', '', '2018-06-11 15:30:00', '2018-06-11 17:30:00', 0, 17, 0, 7, 5, 4, 'Nessuna', 0, 0, 1530188204374),
(431, 287, 'Tutoraggio', '', '2018-06-18 15:30:00', '2018-06-18 17:30:00', 0, 17, 0, 7, 5, 4, 'Nessuna', 0, 0, 1530188238320),
(432, 224, 'logopedia', '', '2018-06-27 18:00:00', '2018-06-27 19:00:00', 0, 12, 0, 9, 1, 2, 'Nessuna', 0, 1, 1530199572445),
(433, 269, 'logopedia', '', '2018-06-04 17:00:00', '2018-06-04 18:00:00', 0, 12, 0, 56, 1, 2, 'Nessuna', 0, 1, 1530200372070),
(434, 31, 'Terapia Logopedica', '', '2018-07-02 15:00:00', '2018-07-02 16:00:00', 0, 8, 0, 57, 2, 2, 'Nessuna', 0, 1, 1530609877666),
(435, 31, 'Terapia Logopedica', '', '2018-07-05 16:00:00', '2018-07-05 16:30:00', 0, 8, 0, 58, 2, 2, 'Nessuna', 0, 0, 1530611712139);

--
-- Trigger `agenda`
--
DELIMITER $$
CREATE TRIGGER `sendMail` AFTER INSERT ON `agenda` FOR EACH ROW BEGIN DELETE FROM response; INSERT INTO response (id) VALUES (999999999); END
$$
DELIMITER ;

-- --------------------------------------------------------

--
-- Struttura della tabella `categoriat`
--

CREATE TABLE `categoriat` (
  `ID` int(11) NOT NULL,
  `tipoCategoria` varchar(255) NOT NULL,
  `quota` varchar(10) NOT NULL,
  `percentuale` tinyint(1) NOT NULL COMMENT '0=true, 1=false',
  `ritenutaAcc` tinyint(1) NOT NULL COMMENT '0=true, 1=false',
  `fissoMensile` tinyint(1) NOT NULL COMMENT '0=true, 1=false'
) ENGINE=InnoDB DEFAULT CHARSET=latin1;

--
-- Dump dei dati per la tabella `categoriat`
--

INSERT INTO `categoriat` (`ID`, `tipoCategoria`, `quota`, `percentuale`, `ritenutaAcc`, `fissoMensile`) VALUES
(1, 'Socio', '100', 1, 1, 1),
(2, 'Logopedista', '70', 1, 1, 1),
(3, 'Neuropsicomotricista', '70', 1, 1, 1),
(4, 'Tutor', '15', 0, 1, 1),
(5, 'Psicologo', '70', 1, 1, 1),
(6, 'Responsabile doposcuola', '200.00', 1, 0, 0),
(7, 'Socio ordinario', '250.00', 1, 1, 0),
(8, 'Socio', '100', 1, 1, 1),
(9, 'Psicologo', '70', 1, 1, 1),
(10, 'Logopedista', '70', 1, 1, 1),
(11, 'Neuropsicomotricista', '70', 1, 1, 1),
(12, 'Logopedista con RdA', '70', 1, 0, 1),
(13, 'Tutor', '15.00', 0, 0, 1),
(14, 'Responsabile doposcuola', '200.00', 0, 0, 1);

-- --------------------------------------------------------

--
-- Struttura della tabella `doposcuola`
--

CREATE TABLE `doposcuola` (
  `ID` int(11) NOT NULL,
  `idTerapista` int(11) NOT NULL,
  `idStanza` int(11) NOT NULL,
  `idTariffa` int(11) NOT NULL,
  `nomeDopoScuola` varchar(200) NOT NULL,
  `start` date NOT NULL,
  `end` date NOT NULL,
  `lun` varchar(11) NOT NULL,
  `mar` varchar(11) NOT NULL,
  `mer` varchar(11) NOT NULL,
  `gio` varchar(11) NOT NULL,
  `ven` varchar(11) NOT NULL,
  `sab` varchar(11) NOT NULL,
  `dom` varchar(11) NOT NULL,
  `confermato` int(2) NOT NULL
) ENGINE=InnoDB DEFAULT CHARSET=latin1;

--
-- Dump dei dati per la tabella `doposcuola`
--

INSERT INTO `doposcuola` (`ID`, `idTerapista`, `idStanza`, `idTariffa`, `nomeDopoScuola`, `start`, `end`, `lun`, `mar`, `mer`, `gio`, `ven`, `sab`, `dom`, `confermato`) VALUES
(1, 24, 3, 19, 'Sabato', '2018-06-01', '2018-06-30', '|', '|', '|', '|', '|', '12:00|14:00', '|', 0);

--
-- Trigger `doposcuola`
--
DELIMITER $$
CREATE TRIGGER `AddResponseDoposcuola` AFTER INSERT ON `doposcuola` FOR EACH ROW BEGIN DELETE FROM response; INSERT INTO response (id) VALUES (new.ID); END
$$
DELIMITER ;

-- --------------------------------------------------------

--
-- Struttura della tabella `info`
--

CREATE TABLE `info` (
  `ID` int(11) NOT NULL,
  `licenceNumber` int(10) NOT NULL,
  `owner` varchar(255) NOT NULL,
  `activationDate` date NOT NULL,
  `expirationDate` date NOT NULL,
  `mostrato` int(1) NOT NULL
) ENGINE=InnoDB DEFAULT CHARSET=latin1;

--
-- Dump dei dati per la tabella `info`
--

INSERT INTO `info` (`ID`, `licenceNumber`, `owner`, `activationDate`, `expirationDate`, `mostrato`) VALUES
(1, 2147483647, 'Studio Eidon', '2018-03-19', '2019-04-01', 0);

-- --------------------------------------------------------

--
-- Struttura della tabella `joinpazientedoposcuola`
--

CREATE TABLE `joinpazientedoposcuola` (
  `IdPaziente` int(11) NOT NULL,
  `idDopoScuola` int(11) NOT NULL,
  `presenza` int(1) NOT NULL
) ENGINE=InnoDB DEFAULT CHARSET=latin1;

-- --------------------------------------------------------

--
-- Struttura della tabella `joinpazientetariffaterapista`
--

CREATE TABLE `joinpazientetariffaterapista` (
  `idPaziente` int(11) NOT NULL,
  `idTariffa` int(11) NOT NULL,
  `idTerapista` int(11) NOT NULL,
  `idStanza` int(11) NOT NULL
) ENGINE=InnoDB DEFAULT CHARSET=latin1;

--
-- Dump dei dati per la tabella `joinpazientetariffaterapista`
--

INSERT INTO `joinpazientetariffaterapista` (`idPaziente`, `idTariffa`, `idTerapista`, `idStanza`) VALUES
(0, 9, 33, 4),
(2, 7, 14, 4),
(13, 9, 8, 2),
(14, 7, 18, 4),
(17, 9, 12, 1),
(18, 9, 15, 4),
(31, 9, 8, 2),
(31, 9, 27, 5),
(34, 9, 12, 1),
(41, 9, 12, 1),
(49, 9, 33, 4),
(51, 9, 15, 4),
(51, 9, 33, 4),
(69, 9, 7, 1),
(71, 7, 13, 5),
(73, 7, 23, 9999),
(74, 9, 15, 4),
(89, 9, 12, 1),
(104, 9, 12, 1),
(108, 9, 12, 1),
(116, 9, 12, 1),
(121, 9, 33, 4),
(122, 9, 7, 1),
(122, 9, 25, 3),
(129, 9, 15, 4),
(146, 9, 12, 1),
(181, 9, 12, 1),
(183, 9, 7, 1),
(188, 7, 13, 5),
(206, 9, 15, 4),
(211, 7, 14, 4),
(211, 9, 8, 2),
(211, 11, 3, 2),
(224, 9, 12, 1),
(269, 9, 12, 1),
(281, 11, 34, 4),
(284, 7, 13, 5),
(287, 7, 17, 5),
(287, 9, 8, 2),
(294, 9, 7, 1),
(304, 9, 27, 5),
(314, 9, 7, 1),
(340, 9, 12, 1),
(343, 9, 12, 1),
(344, 9, 7, 1),
(344, 9, 12, 1),
(344, 11, 2, 1),
(344, 11, 3, 2),
(344, 11, 4, 3),
(344, 11, 34, 4),
(346, 11, 3, 2),
(347, 9, 8, 2),
(347, 9, 16, 3),
(347, 11, 3, 2),
(348, 11, 34, 4),
(999999, 11, 2, 1),
(999999, 11, 3, 2),
(999999, 11, 4, 3),
(999999999, 7, 13, 5),
(999999999, 9, 12, 1),
(999999999, 9, 27, 5);

-- --------------------------------------------------------

--
-- Struttura della tabella `paziente`
--

CREATE TABLE `paziente` (
  `idPaziente` int(11) NOT NULL,
  `nomeCognome` varchar(255) NOT NULL,
  `eta` int(3) NOT NULL,
  `email` varchar(255) NOT NULL,
  `nota` text NOT NULL,
  `sesso` varchar(1) NOT NULL,
  `Patologia` varchar(255) NOT NULL,
  `start` date NOT NULL,
  `end` date NOT NULL
) ENGINE=InnoDB DEFAULT CHARSET=latin1;

--
-- Dump dei dati per la tabella `paziente`
--

INSERT INTO `paziente` (`idPaziente`, `nomeCognome`, `eta`, `email`, `nota`, `sesso`, `Patologia`, `start`, `end`) VALUES
(1, 'ACQUISTO ANDREA', 0, '', ' ', 'M', ' ', '2018-04-01', '2018-12-31'),
(2, 'ADDEI MATTEO', 0, 'sabrina.matt@inwind.it', ' ', 'M', ' ', '2018-04-01', '2018-12-31'),
(3, 'ADDUCI BENEDETTA', 0, ' ', ' ', 'F', ' ', '2018-04-01', '2018-12-31'),
(4, 'AGOSTINELLI CHIARA', 0, ' ', ' ', 'F', ' ', '2018-04-01', '2018-12-31'),
(5, 'AGOSTINELLI GIULIA', 0, ' ', ' ', 'F', ' ', '2018-04-01', '2018-12-31'),
(6, 'AGRAJA LORENZO', 0, ' ', ' ', 'M', ' ', '2018-04-01', '2018-12-31'),
(7, 'ALINEI RICCARDO', 0, ' ', ' ', 'M', ' ', '2018-04-01', '2018-12-31'),
(8, 'AMMENTI ALESSANDRO', 0, ' ', ' ', 'M', ' ', '2018-04-01', '2018-12-31'),
(9, 'AMOROSO GIONA', 0, ' ', ' ', 'F', ' ', '2018-04-01', '2018-12-31'),
(10, 'AMOROSO LIVIA', 0, ' ', ' ', 'F', ' ', '2018-04-01', '2018-12-31'),
(11, 'ANTONELLI ', 0, ' ', ' ', 'M', ' ', '2018-04-01', '2018-12-31'),
(12, 'ANTONELLI MATTIA', 0, '', ' ', 'M', ' ', '2018-04-01', '2018-12-31'),
(13, 'ANTONINI CAPPELLINI ALESSANDRO', 0, '', ' ', 'M', ' ', '2018-04-01', '2018-12-31'),
(14, 'ARMILLOTTA EMANUELE', 0, ' ', ' ', 'M', ' ', '2018-04-01', '2018-12-31'),
(15, 'ARONNE VALERIO', 0, '', ' ', 'M', ' ', '2018-04-01', '2018-12-31'),
(16, 'ASSUMMA CAROLA', 0, ' ', ' ', 'F', ' ', '2018-04-01', '2018-12-31'),
(17, 'ASSUNTORE ARIANNA', 0, ' ', ' ', 'F', ' ', '2018-04-01', '2018-12-31'),
(18, 'ASSUNTORE MARCO', 0, ' ', ' ', 'M', ' ', '2018-04-01', '2018-12-31'),
(19, 'BACILE CHIARA', 0, ' ', ' ', 'F', ' ', '2018-04-01', '2018-12-31'),
(20, 'BALDASSARRI TOMMASO', 0, ' ', ' ', 'M', ' ', '2018-04-01', '2018-12-31'),
(21, 'BALOCCHI GIULIA', 0, ' ', ' ', 'F', ' ', '2018-04-01', '2018-12-31'),
(22, 'BARTOLI ELENA', 0, ' ', ' ', 'F', ' ', '2018-04-01', '2018-12-31'),
(23, 'BATTISTI ALESSIO', 0, ' ', ' ', 'M', ' ', '2018-04-01', '2018-12-31'),
(24, 'BAZZICALUPO RICCARDO', 0, ' ', ' ', 'M', ' ', '2018-04-01', '2018-12-31'),
(25, 'BENCARDINO MATTEO', 0, ' ', ' ', 'M', ' ', '2018-04-01', '2018-12-31'),
(26, 'BENICCHI FEDERICO', 0, ' ', ' ', 'M', ' ', '2018-04-01', '2018-12-31'),
(27, 'BERNARDINI ANNA', 0, ' ', ' ', 'F', ' ', '2018-04-01', '2018-12-31'),
(28, 'BERTONI MATTEO MASSIMO', 0, ' ', ' ', 'M', ' ', '2018-04-01', '2018-12-31'),
(29, 'BOLOGNESE MARIA GIORGIA', 0, ' ', ' ', 'F', ' ', '2018-04-01', '2018-12-31'),
(30, 'BONA LEONARDO', 0, ' ', ' ', 'M', ' ', '2018-04-01', '2018-12-31'),
(31, 'BONA LORENZO', 0, '', ' ', 'M', ' ', '2018-04-01', '2018-12-31'),
(32, 'BONA STEFANO', 0, ' ', ' ', 'M', ' ', '2018-04-01', '2018-12-31'),
(33, 'BONAZZI FRANCESCO', 0, ' ', ' ', 'M', ' ', '2018-04-01', '2018-12-31'),
(34, 'BONAZZI GIOVANNI', 0, ' ', ' ', 'M', ' ', '2018-04-01', '2018-12-31'),
(35, 'BONOMI GIOVANNI', 0, ' ', ' ', 'M', ' ', '2018-04-01', '2018-12-31'),
(36, 'BORRANI MARCO', 0, ' ', ' ', 'M', ' ', '2018-04-01', '2018-12-31'),
(37, 'BRACCI VATIELLI MIGNARDI PAULINE MARIA CLOE', 0, ' ', ' ', 'F', ' ', '2018-04-01', '2018-12-31'),
(38, 'BRIGLIADORI BAETRICE', 0, ' ', ' ', 'F', ' ', '2018-04-01', '2018-12-31'),
(39, 'BRIGNOCCOLO TOMMASO', 0, ' ', ' ', 'M', ' ', '2018-04-01', '2018-12-31'),
(40, 'BUGNINI EMMA', 0, ' ', ' ', 'F', ' ', '2018-04-01', '2018-12-31'),
(41, 'BUGNINI PIETRO', 0, ' ', ' ', 'M', ' ', '2018-04-01', '2018-12-31'),
(42, 'BUONOPANE CARLO', 0, ' ', ' ', 'M', ' ', '2018-04-01', '2018-12-31'),
(43, 'BUSINARO ALESSANDRO', 0, 'germanagiorgini@yahoo.com', ' ', 'M', ' ', '2018-04-01', '2018-12-31'),
(44, 'BUZI SOFIA', 0, ' ', ' ', 'F', ' ', '2018-04-01', '2018-12-31'),
(45, 'CACURRI EDOARDO LAZARE ', 0, ' ', ' ', 'M', ' ', '2018-04-01', '2018-12-31'),
(46, 'CACURRI EDOARDO MARCO', 0, ' ', ' ', 'M', ' ', '2018-04-01', '2018-12-31'),
(47, 'CACURRI MARCO', 0, ' ', ' ', 'M', ' ', '2018-04-01', '2018-12-31'),
(48, 'CALDARELLI CARLO', 0, ' ', ' ', 'M', ' ', '2018-04-01', '2018-12-31'),
(49, 'CANNELLI FRANCESCO', 0, ' ', ' ', 'M', ' ', '2018-04-01', '2018-12-31'),
(50, 'CANNELLI LUCA', 0, ' ', ' ', 'M', ' ', '2018-04-01', '2018-12-31'),
(51, 'CANOCI FILIPPO', 0, ' ', ' ', 'M', ' ', '2018-04-01', '2018-12-31'),
(52, 'CANTAFORA ALFREDO', 0, ' ', ' ', 'M', ' ', '2018-04-01', '2018-12-31'),
(53, 'CAPALDO EMILIO', 0, ' ', ' ', 'M', ' ', '2018-04-01', '2018-12-31'),
(54, 'CAPPARONI MASSIMO', 0, ' ', ' ', 'M', ' ', '2018-04-01', '2018-12-31'),
(55, 'CAPPELLETTI STEFANO', 0, ' ', ' ', 'M', ' ', '2018-04-01', '2018-12-31'),
(56, 'CAPUANI GABRIELE', 0, ' ', ' ', 'M', ' ', '2018-04-01', '2018-12-31'),
(57, 'CARDERI ADRIANO', 0, ' ', ' ', 'M', ' ', '2018-04-01', '2018-12-31'),
(58, 'CASALE EDOARDO', 0, ' ', ' ', 'M', ' ', '2018-04-01', '2018-12-31'),
(59, 'CASTAGNA VALENTINA', 0, ' ', ' ', 'F', ' ', '2018-04-01', '2018-12-31'),
(60, 'CASTRO MARIA SOLE ', 0, ' ', ' ', 'F', ' ', '2018-04-01', '2018-12-31'),
(61, 'CELANI VITTORIO', 0, ' ', ' ', 'M', ' ', '2018-04-01', '2018-12-31'),
(62, 'CENCI FILIPPO MARIA', 0, ' ', ' ', 'M', ' ', '2018-04-01', '2018-12-31'),
(63, 'CHERCHI GIOIA', 0, ' ', ' ', 'F', ' ', '2018-04-01', '2018-12-31'),
(64, 'CHERUBINI GIORGIA', 0, ' ', ' ', 'F', ' ', '2018-04-01', '2018-12-31'),
(65, 'CIAVOLA ELISA', 0, ' ', ' ', 'F', ' ', '2018-04-01', '2018-12-31'),
(66, 'CICIRIELLO EMANUELE', 0, ' ', ' ', 'M', ' ', '2018-04-01', '2018-12-31'),
(67, 'CIOLELLA MARCO', 0, ' ', ' ', 'M', ' ', '2018-04-01', '2018-12-31'),
(68, 'CIPRIANETTI CRISTINA', 0, ' ', ' ', 'F', ' ', '2018-04-01', '2018-12-31'),
(69, 'CITO LUDOVICA GIOVANNA', 0, ' ', ' ', 'F', ' ', '2018-04-01', '2018-12-31'),
(70, 'CIUFFA MATTEO', 0, ' ', ' ', 'M', ' ', '2018-04-01', '2018-12-31'),
(71, 'COFRANCESCO MARCO', 0, ' ', ' ', 'M', ' ', '2018-04-01', '2018-12-31'),
(72, 'COLABONI ALESSANDRO', 0, ' ', ' ', 'M', ' ', '2018-04-01', '2018-12-31'),
(73, 'COLAJACOMO MATTEO', 0, ' ', ' ', 'M', ' ', '2018-04-01', '2018-12-31'),
(74, 'COLELLA EMMA', 0, ' ', ' ', 'F', ' ', '2018-04-01', '2018-12-31'),
(75, 'COLOMBATI MARGHERITA', 0, ' ', ' ', 'F', ' ', '2018-04-01', '2018-12-31'),
(76, 'CONFORTI LEONARDO', 0, ' ', ' ', 'M', ' ', '2018-04-01', '2018-12-31'),
(77, 'CONTINI VALERIA', 0, ' ', ' ', 'F', ' ', '2018-04-01', '2018-12-31'),
(78, 'CORNIA ALESSIA', 0, ' ', ' ', 'F', ' ', '2018-04-01', '2018-12-31'),
(79, 'COSCARELLA FRANCESCO', 0, ' ', ' ', 'M', ' ', '2018-04-01', '2018-12-31'),
(80, 'CREA MARIA', 0, ' ', ' ', 'F', ' ', '2018-04-01', '2018-12-31'),
(81, 'CUBINO LEONARDO', 0, ' ', ' ', 'M', ' ', '2018-04-01', '2018-12-31'),
(82, 'CUBINO MATTIA', 0, ' ', ' ', 'M', ' ', '2018-04-01', '2018-12-31'),
(83, 'CUNA GIANLUCA', 0, ' ', ' ', 'M', ' ', '2018-04-01', '2018-12-31'),
(84, 'D AGOSTINO EMMA', 0, ' ', ' ', 'F', ' ', '2018-04-01', '2018-12-31'),
(85, 'D AMBROSIO LUDOVICA', 0, ' ', ' ', 'F', ' ', '2018-04-01', '2018-12-31'),
(86, 'D ELIA GIANLUCA', 0, ' ', ' ', 'M', ' ', '2018-04-01', '2018-12-31'),
(87, 'D ELIA MARC', 0, ' ', ' ', 'M', ' ', '2018-04-01', '2018-12-31'),
(88, 'DAL BONI FEDERICA', 0, ' ', ' ', 'F', ' ', '2018-04-01', '2018-12-31'),
(89, 'DE CARO TOBIA', 0, ' ', ' ', 'M', ' ', '2018-04-01', '2018-12-31'),
(90, 'DE DOMINICIS EMMA', 0, ' ', ' ', 'F', ' ', '2018-04-01', '2018-12-31'),
(91, 'DE LAZZARO GIACOMO', 0, ' ', ' ', 'M', ' ', '2018-04-01', '2018-12-31'),
(92, 'DE LUCA ANNA MARIA', 0, ' ', ' ', 'F', ' ', '2018-04-01', '2018-12-31'),
(93, 'DE REGIBUS MARCO', 0, ' ', ' ', 'M', ' ', '2018-04-01', '2018-12-31'),
(94, 'DE SARACA STEFANO', 0, ' ', ' ', 'M', ' ', '2018-04-01', '2018-12-31'),
(95, 'DEL GALLO GIACINTA', 0, ' ', ' ', 'F', ' ', '2018-04-01', '2018-12-31'),
(96, 'DEL GRANO GIACINTA', 0, ' ', ' ', 'F', ' ', '2018-04-01', '2018-12-31'),
(97, 'DEL SORDO EDOARDO', 0, ' ', ' ', 'M', ' ', '2018-04-01', '2018-12-31'),
(98, 'DEL VECCHIO CECILIA', 0, ' ', ' ', 'F', ' ', '2018-04-01', '2018-12-31'),
(99, 'DELL AQUILA BEATRICE', 0, ' ', ' ', 'F', ' ', '2018-04-01', '2018-12-31'),
(100, 'DELL EDERA SOFIA ', 0, ' ', ' ', 'F', ' ', '2018-04-01', '2018-12-31'),
(101, 'DELLA BITTA LIVIA', 0, ' ', ' ', 'F', ' ', '2018-04-01', '2018-12-31'),
(102, 'DELLO IOIO ROSARIO', 0, ' ', ' ', 'M', ' ', '2018-04-01', '2018-12-31'),
(103, 'DESOGUS THOMAS', 0, ' ', ' ', 'M', ' ', '2018-04-01', '2018-12-31'),
(104, 'DI BENEDETTI FLAMINIA', 0, ' ', ' ', 'F', ' ', '2018-04-01', '2018-12-31'),
(105, 'DI GIUSEPPE MASSIMO', 0, ' ', ' ', 'M', ' ', '2018-04-01', '2018-12-31'),
(106, 'DI MANNO CHRISTIAN', 0, ' ', ' ', 'M', ' ', '2018-04-01', '2018-12-31'),
(107, 'DI PIETRO ISABEL', 0, ' ', ' ', 'F', ' ', '2018-04-01', '2018-12-31'),
(108, 'DI PIETRO LORENZO ', 0, ' ', ' ', 'M', ' ', '2018-04-01', '2018-12-31'),
(109, 'DI SILVIO DIEGO', 0, ' ', ' ', 'M', ' ', '2018-04-01', '2018-12-31'),
(110, 'DI TULLIO ANTONELLA', 0, ' ', ' ', 'F', ' ', '2018-04-01', '2018-12-31'),
(111, 'DIAMANTI FRANCESCO', 0, ' ', ' ', 'M', ' ', '2018-04-01', '2018-12-31'),
(112, 'DINI DAMIANO', 0, ' ', ' ', 'M', ' ', '2018-04-01', '2018-12-31'),
(113, 'DITTA FRANCESCA', 0, ' ', ' ', 'F', ' ', '2018-04-01', '2018-12-31'),
(114, 'DOMINICI ANDREA', 0, ' ', ' ', 'M', ' ', '2018-04-01', '2018-12-31'),
(115, 'DONATO ALESSIO', 0, ' ', ' ', 'M', ' ', '2018-04-01', '2018-12-31'),
(116, 'DONATO NICOLO', 0, ' ', ' ', 'M', ' ', '2018-04-01', '2018-12-31'),
(117, 'DONATO RICCARDO', 0, ' ', ' ', 'M', ' ', '2018-04-01', '2018-12-31'),
(118, 'DUVAL TEO', 0, ' ', ' ', 'M', ' ', '2018-04-01', '2018-12-31'),
(119, 'ELIA BENEDETTA', 0, ' ', ' ', 'F', ' ', '2018-04-01', '2018-12-31'),
(120, 'EMILI DANIEL', 0, ' ', ' ', 'M', ' ', '2018-04-01', '2018-12-31'),
(121, 'ERMINI ASCANIO GIOVANNI', 0, ' ', ' ', 'M', ' ', '2018-04-01', '2018-12-31'),
(122, 'FANCIULLI SARA', 0, ' ', ' ', 'F', ' ', '2018-04-01', '2018-12-31'),
(123, 'FAUCCI GIORDANA', 0, ' ', ' ', 'F', ' ', '2018-04-01', '2018-12-31'),
(124, 'FEDERICI DAVIDE', 0, ' ', ' ', 'M', ' ', '2018-04-01', '2018-12-31'),
(125, 'FELICI SIMONE', 0, ' ', ' ', 'M', ' ', '2018-04-01', '2018-12-31'),
(126, 'FERRANTI ALESSIO', 0, ' ', ' ', 'M', ' ', '2018-04-01', '2018-12-31'),
(127, 'FILOSCIA FEDERICO', 0, ' ', ' ', 'M', ' ', '2018-04-01', '2018-12-31'),
(128, 'FINZI ', 0, ' ', ' ', 'M', ' ', '2018-04-01', '2018-12-31'),
(129, 'FIORE ALESSANDRO LUIGI', 0, ' ', ' ', 'M', ' ', '2018-04-01', '2018-12-31'),
(130, 'FIORETTI PATRIZIA', 0, ' ', ' ', 'F', ' ', '2018-04-01', '2018-12-31'),
(131, 'FIORILLO LIVIA', 0, ' ', ' ', 'F', ' ', '2018-04-01', '2018-12-31'),
(132, 'FLAMINI FRANCESCA', 0, ' ', ' ', 'F', ' ', '2018-04-01', '2018-12-31'),
(133, 'FONTANA FRANCESCO', 0, ' ', ' ', 'M', ' ', '2018-04-01', '2018-12-31'),
(134, 'FORLETTA GIANO', 0, ' ', ' ', 'M', ' ', '2018-04-01', '2018-12-31'),
(135, 'FORNASIERE ALESSANDRO', 0, ' ', ' ', 'M', ' ', '2018-04-01', '2018-12-31'),
(136, 'FORTUNATO FRANCESCO', 0, ' ', ' ', 'M', ' ', '2018-04-01', '2018-12-31'),
(137, 'FRAGANO LIVIA', 0, ' ', ' ', 'F', ' ', '2018-04-01', '2018-12-31'),
(138, 'FRANCO SIMONE', 0, ' ', ' ', 'M', ' ', '2018-04-01', '2018-12-31'),
(139, 'FRANGI FEDERICA', 0, ' ', ' ', 'F', ' ', '2018-04-01', '2018-12-31'),
(140, 'FRENGUELLI MATTEO', 0, ' ', ' ', 'M', ' ', '2018-04-01', '2018-12-31'),
(141, 'FULLI GABRIELE', 0, ' ', ' ', 'M', ' ', '2018-04-01', '2018-12-31'),
(142, 'FUSCO GABRIELE', 0, ' ', ' ', 'M', ' ', '2018-04-01', '2018-12-31'),
(143, 'GALLETTI TOMMASO', 0, ' ', ' ', 'M', ' ', '2018-04-01', '2018-12-31'),
(144, 'GALLINARI GIADA', 0, ' ', ' ', 'F', ' ', '2018-04-01', '2018-12-31'),
(145, 'GALLO LUCA', 0, ' ', ' ', 'M', ' ', '2018-04-01', '2018-12-31'),
(146, 'GAMBACORTA BRUNO', 0, ' ', ' ', 'M', ' ', '2018-04-01', '2018-12-31'),
(147, 'GAMBARDELLA VIOLA', 0, ' ', ' ', 'F', ' ', '2018-04-01', '2018-12-31'),
(148, 'GENTILESCHI FRANCESCO ', 0, ' ', ' ', 'M', ' ', '2018-04-01', '2018-12-31'),
(149, 'GIORDANO ANTONIO', 0, ' ', ' ', 'M', ' ', '2018-04-01', '2018-12-31'),
(150, 'GIORNI TOMMASO', 0, ' ', ' ', 'M', ' ', '2018-04-01', '2018-12-31'),
(151, 'GIOSTRA MARCO', 0, ' ', ' ', 'M', ' ', '2018-04-01', '2018-12-31'),
(152, 'GIOSTRA MATTEO', 0, ' ', ' ', 'M', ' ', '2018-04-01', '2018-12-31'),
(153, 'GIOVANNINI LIVIO', 0, ' ', ' ', 'M', ' ', '2018-04-01', '2018-12-31'),
(154, 'GIUSINI VALERIO', 0, ' ', ' ', 'M', ' ', '2018-04-01', '2018-12-31'),
(155, 'GNIGNERA ALESSIO', 0, ' ', ' ', 'M', ' ', '2018-04-01', '2018-12-31'),
(156, 'GORI GIULIO', 0, ' ', ' ', 'M', ' ', '2018-04-01', '2018-12-31'),
(157, 'GRETA LOPETUSO', 0, ' ', ' ', 'F', ' ', '2018-04-01', '2018-12-31'),
(158, 'GROTTESI ALFONSO', 0, ' ', ' ', 'M', ' ', '2018-04-01', '2018-12-31'),
(159, 'IURCOVICH FEDERICA', 0, ' ', ' ', 'F', ' ', '2018-04-01', '2018-12-31'),
(160, 'JOIME ANGELICA', 0, ' ', ' ', 'F', ' ', '2018-04-01', '2018-12-31'),
(161, 'LA GRUTTA LUCA', 0, ' ', ' ', 'M', ' ', '2018-04-01', '2018-12-31'),
(162, 'LA MELZA ILARIA', 0, ' ', ' ', 'F', ' ', '2018-04-01', '2018-12-31'),
(163, 'LA MELZA VALERIO', 0, ' ', ' ', 'M', ' ', '2018-04-01', '2018-12-31'),
(164, 'LA VERSA FILIPPO', 0, ' ', ' ', 'M', ' ', '2018-04-01', '2018-12-31'),
(165, 'LEVIZZANI NICOLO', 0, ' ', ' ', 'M', ' ', '2018-04-01', '2018-12-31'),
(166, 'LIN OSCAR', 0, ' ', ' ', 'M', ' ', '2018-04-01', '2018-12-31'),
(167, 'LOIODICE ANDREA', 0, ' ', ' ', 'M', ' ', '2018-04-01', '2018-12-31'),
(168, 'LOLIVA DAFNE', 0, ' ', ' ', 'F', ' ', '2018-04-01', '2018-12-31'),
(169, 'LOLLI RICCARDO', 0, ' ', ' ', 'M', ' ', '2018-04-01', '2018-12-31'),
(170, 'LOMBARDI ALESSANDRO', 0, ' ', ' ', 'M', ' ', '2018-04-01', '2018-12-31'),
(171, 'LORENTZ MARIA', 0, ' ', ' ', 'F', ' ', '2018-04-01', '2018-12-31'),
(172, 'LUCCA IRENE', 0, ' ', ' ', 'F', ' ', '2018-04-01', '2018-12-31'),
(173, 'MACEDONIO ALESSANDRO', 0, ' ', ' ', 'M', ' ', '2018-04-01', '2018-12-31'),
(174, 'MACEDONIO MASSIMO', 0, ' ', ' ', 'M', ' ', '2018-04-01', '2018-12-31'),
(175, 'MAESTRI RAFLESIA', 0, ' ', ' ', 'F', ' ', '2018-04-01', '2018-12-31'),
(176, 'MAIDA NICOLO', 0, ' ', ' ', 'M', ' ', '2018-04-01', '2018-12-31'),
(177, 'MAIORANO LORENZO', 0, ' ', ' ', 'M', ' ', '2018-04-01', '2018-12-31'),
(178, 'MALGRANDE SARA', 0, ' ', ' ', 'F', ' ', '2018-04-01', '2018-12-31'),
(179, 'MANALANG MIRIAM SENGSENG', 0, ' ', ' ', 'M', ' ', '2018-04-01', '2018-12-31'),
(180, 'MANCA ANGELO MATTEO', 0, ' ', ' ', 'M', ' ', '2018-04-01', '2018-12-31'),
(181, 'MANFREDI GIANMARCO', 0, ' ', ' ', 'M', ' ', '2018-04-01', '2018-12-31'),
(182, 'MANNI ANDREA', 0, ' ', ' ', 'M', ' ', '2018-04-01', '2018-12-31'),
(183, 'MANSI GIOVANNI', 0, '', ' ', 'M', ' ', '2018-04-01', '2018-12-31'),
(184, 'MARCACCINI FEDERICA', 0, ' ', ' ', 'F', ' ', '2018-04-01', '2018-12-31'),
(185, 'MARUCCHI ANDREA MARIA', 0, ' ', ' ', 'M', ' ', '2018-04-01', '2018-12-31'),
(186, 'MARZI TOMMASO', 0, ' ', ' ', 'M', ' ', '2018-04-01', '2018-12-31'),
(187, 'MASARACCHIA VINCENZO', 0, ' ', ' ', 'M', ' ', '2018-04-01', '2018-12-31'),
(188, 'MASI GIOIA', 0, ' ', ' ', 'F', ' ', '2018-04-01', '2018-12-31'),
(189, 'MATTEI ILARIA', 0, ' ', ' ', 'F', ' ', '2018-04-01', '2018-12-31'),
(190, 'MAURELLI MILO', 0, ' ', ' ', 'M', ' ', '2018-04-01', '2018-12-31'),
(191, 'MAZZARINI ANTONIO', 0, ' ', ' ', 'M', ' ', '2018-04-01', '2018-12-31'),
(192, 'MENAGUALE PAOLO', 0, ' ', ' ', 'M', ' ', '2018-04-01', '2018-12-31'),
(193, 'MENCHINELLI MARTINO', 0, ' ', ' ', 'M', ' ', '2018-04-01', '2018-12-31'),
(194, 'MENSCH GRECO NILO', 0, ' ', ' ', 'M', ' ', '2018-04-01', '2018-12-31'),
(195, 'MICOCCI DANIELE', 0, ' ', ' ', 'M', ' ', '2018-04-01', '2018-12-31'),
(196, 'MILELLA ROSANNA', 0, ' ', ' ', 'F', ' ', '2018-04-01', '2018-12-31'),
(197, 'MILILLI ANGELICA', 0, ' ', ' ', 'F', ' ', '2018-04-01', '2018-12-31'),
(198, 'MILITI LUCA', 0, ' ', ' ', 'M', ' ', '2018-04-01', '2018-12-31'),
(199, 'MILONE VALENTINA', 0, ' ', ' ', 'F', ' ', '2018-04-01', '2018-12-31'),
(200, 'MOCHI LIAM', 0, ' ', ' ', 'M', ' ', '2018-04-01', '2018-12-31'),
(201, 'MODESTI MARIO', 0, ' ', ' ', 'M', ' ', '2018-04-01', '2018-12-31'),
(202, 'MODONI BIANCA', 0, ' ', ' ', 'F', ' ', '2018-04-01', '2018-12-31'),
(203, 'MONALDI FRANCESCO', 0, ' ', ' ', 'M', ' ', '2018-04-01', '2018-12-31'),
(204, 'MONSURRO GIOVANNA', 0, ' ', ' ', 'F', ' ', '2018-04-01', '2018-12-31'),
(205, 'MONTI ALESSANDRA', 0, ' ', ' ', 'F', ' ', '2018-04-01', '2018-12-31'),
(206, 'MORETTI VASCO MARIA', 0, ' ', ' ', 'F', ' ', '2018-04-01', '2018-12-31'),
(207, 'MORICONI SOFIA', 0, ' ', ' ', 'F', ' ', '2018-04-01', '2018-12-31'),
(208, 'NALIN VALERIA', 0, ' ', ' ', 'F', ' ', '2018-04-01', '2018-12-31'),
(209, 'NANNI FEDERICO', 0, ' ', ' ', 'M', ' ', '2018-04-01', '2018-12-31'),
(210, 'NERONI MARCO', 0, ' ', ' ', 'M', ' ', '2018-04-01', '2018-12-31'),
(211, 'NICOLETTI MATTEO', 0, ' ', ' ', 'M', ' ', '2018-04-01', '2018-12-31'),
(212, 'NISSOLINO MARCO', 0, ' ', ' ', 'M', ' ', '2018-04-01', '2018-12-31'),
(213, 'ODECRISPI ALESSIO', 0, ' ', ' ', 'M', ' ', '2018-04-01', '2018-12-31'),
(214, 'OLIVA ALESSANDRO ', 0, ' ', ' ', 'M', ' ', '2018-04-01', '2018-12-31'),
(215, 'OLIVIERI ALESSANDRA', 0, ' ', ' ', 'F', ' ', '2018-04-01', '2018-12-31'),
(216, 'ONORE ANDREA', 0, ' ', ' ', 'M', ' ', '2018-04-01', '2018-12-31'),
(217, 'PACIFICO FEDERICO', 0, '', ' ', 'M', ' ', '2018-04-01', '2018-12-31'),
(218, 'PACIFICO MARCO', 0, ' ', ' ', 'M', ' ', '2018-04-01', '2018-12-31'),
(219, 'PAGLIARINI PIETRO', 0, ' ', ' ', 'M', ' ', '2018-04-01', '2018-12-31'),
(220, 'PALATTELLA CHIARA', 0, ' ', ' ', 'F', ' ', '2018-04-01', '2018-12-31'),
(221, 'PALATTELLA ROBERTO', 0, ' ', ' ', 'M', ' ', '2018-04-01', '2018-12-31'),
(222, 'PALAZZO GIACOMO', 0, ' ', ' ', 'M', ' ', '2018-04-01', '2018-12-31'),
(223, 'PALMISANI LUIGI', 0, ' ', ' ', 'M', ' ', '2018-04-01', '2018-12-31'),
(224, 'PALOMBI GIULIA', 0, ' ', ' ', 'F', ' ', '2018-04-01', '2018-12-31'),
(225, 'PANELLI MATILDE', 0, ' ', ' ', 'F', ' ', '2018-04-01', '2018-12-31'),
(226, 'PANICO D URSO CAMILLA', 0, ' ', ' ', 'F', ' ', '2018-04-01', '2018-12-31'),
(227, 'PANSARELLA TOMMASO', 0, ' ', ' ', 'M', ' ', '2018-04-01', '2018-12-31'),
(228, 'PAPALIA VALERIA', 0, ' ', ' ', 'F', ' ', '2018-04-01', '2018-12-31'),
(229, 'PASQUALINI', 0, ' ', ' ', 'M', ' ', '2018-04-01', '2018-12-31'),
(230, 'PASQUALITTO FILIPPO', 0, ' ', ' ', 'M', ' ', '2018-04-01', '2018-12-31'),
(231, 'PAZARDJIKLIAN DARIA', 0, ' ', ' ', 'F', ' ', '2018-04-01', '2018-12-31'),
(232, 'PAZIENTE FLAVIA', 0, ' ', ' ', 'F', ' ', '2018-04-01', '2018-12-31'),
(233, 'PAZIENTI FLAMINIA', 0, ' ', ' ', 'F', ' ', '2018-04-01', '2018-12-31'),
(234, 'PECCI LORENZO', 0, ' ', ' ', 'M', ' ', '2018-04-01', '2018-12-31'),
(235, 'PELLEGRINI CHIARA', 0, ' ', ' ', 'F', ' ', '2018-04-01', '2018-12-31'),
(236, 'PERRONE MAURO HIEN', 0, ' ', ' ', 'M', ' ', '2018-04-01', '2018-12-31'),
(237, 'PETRONE PAOLO', 0, ' ', ' ', 'M', ' ', '2018-04-01', '2018-12-31'),
(238, 'PETROZZI MANUEL', 0, ' ', ' ', 'M', ' ', '2018-04-01', '2018-12-31'),
(239, 'PIACITELLI EDOARDO', 0, ' ', ' ', 'M', ' ', '2018-04-01', '2018-12-31'),
(240, 'PIAZZESI MARIA TERESA', 0, ' ', ' ', 'F', ' ', '2018-04-01', '2018-12-31'),
(241, 'PICCARDI LORENZO', 0, ' ', ' ', 'M', ' ', '2018-04-01', '2018-12-31'),
(242, 'PICCIRILLI FEDERICO', 0, ' ', ' ', 'M', ' ', '2018-04-01', '2018-12-31'),
(243, 'PICIERNO ANGELA', 0, ' ', ' ', 'F', ' ', '2018-04-01', '2018-12-31'),
(244, 'PIGNOTTI ALICE', 0, ' ', ' ', 'F', ' ', '2018-04-01', '2018-12-31'),
(245, 'PISENTI LUCREZIA ', 0, ' ', ' ', 'F', ' ', '2018-04-01', '2018-12-31'),
(246, 'PITTALIS MELISSA', 0, ' ', ' ', 'F', ' ', '2018-04-01', '2018-12-31'),
(247, 'PITTELLI MASSIMO', 0, ' ', ' ', 'M', ' ', '2018-04-01', '2018-12-31'),
(248, 'PITTONI ALESSANDRO', 0, ' ', ' ', 'M', ' ', '2018-04-01', '2018-12-31'),
(249, 'POLLIO STEFANO ', 0, ' ', ' ', 'M', ' ', '2018-04-01', '2018-12-31'),
(250, 'PONZUOLI EMANUELE', 0, ' ', ' ', 'M', ' ', '2018-04-01', '2018-12-31'),
(251, 'PRATI ELENA', 0, ' ', ' ', 'F', ' ', '2018-04-01', '2018-12-31'),
(252, 'PROIETTI DAVIDE', 0, ' ', ' ', 'M', ' ', '2018-04-01', '2018-12-31'),
(253, 'PUGNALI DANIELE', 0, ' ', ' ', 'M', ' ', '2018-04-01', '2018-12-31'),
(254, 'PUMA FEDERICA', 0, ' ', ' ', 'F', ' ', '2018-04-01', '2018-12-31'),
(255, 'PUTZOLO SIMONE', 0, ' ', ' ', 'M', ' ', '2018-04-01', '2018-12-31'),
(256, 'RAMAGLIONI SIMONE', 0, ' ', ' ', 'M', ' ', '2018-04-01', '2018-12-31'),
(257, 'RANZO MANFREDI', 0, ' ', ' ', 'M', ' ', '2018-04-01', '2018-12-31'),
(258, 'RANZO SOFIA', 0, ' ', ' ', 'F', ' ', '2018-04-01', '2018-12-31'),
(259, 'REALE CARLO', 0, ' ', ' ', 'M', ' ', '2018-04-01', '2018-12-31'),
(260, 'RENCRICCA FRANCESCO', 0, ' ', ' ', 'M', ' ', '2018-04-01', '2018-12-31'),
(261, 'RIITANO SIMONE', 0, ' ', ' ', 'M', ' ', '2018-04-01', '2018-12-31'),
(262, 'RIPANDELLI FRANCESCO', 0, ' ', ' ', 'M', ' ', '2018-04-01', '2018-12-31'),
(263, 'RODINO CAROLINA', 0, ' ', ' ', 'F', ' ', '2018-04-01', '2018-12-31'),
(264, 'RODINO WALTER GIULIO', 0, ' ', ' ', 'M', ' ', '2018-04-01', '2018-12-31'),
(265, 'ROLANDO ANNAMARIA', 0, ' ', ' ', 'F', ' ', '2018-04-01', '2018-12-31'),
(266, 'ROMANAZZI EDOARDO', 0, ' ', ' ', 'M', ' ', '2018-04-01', '2018-12-31'),
(267, 'ROMANAZZI PAOLO ANDREA', 0, ' ', ' ', 'M', ' ', '2018-04-01', '2018-12-31'),
(268, 'RONZAT JACOPO', 0, ' ', ' ', 'M', ' ', '2018-04-01', '2018-12-31'),
(269, 'ROSSI BEATRICE', 0, ' ', ' ', 'F', ' ', '2018-04-01', '2018-12-31'),
(270, 'ROTONDI ALESSANDRO', 0, ' ', ' ', 'M', ' ', '2018-04-01', '2018-12-31'),
(271, 'SABBATINI FRANCESCA', 0, ' ', ' ', 'F', ' ', '2018-04-01', '2018-12-31'),
(272, 'SACCO NOEMI', 0, ' ', ' ', 'F', ' ', '2018-04-01', '2018-12-31'),
(273, 'SAGRIPANTI GIORGIO', 0, ' ', ' ', 'M', ' ', '2018-04-01', '2018-12-31'),
(274, 'SALVATORE FRANCESCO', 0, ' ', ' ', 'M', ' ', '2018-04-01', '2018-12-31'),
(275, 'SALZA SEBASTIANO', 0, ' ', ' ', 'M', ' ', '2018-04-01', '2018-12-31'),
(276, 'SANDOLI ALESSANDRO', 0, ' ', ' ', 'M', ' ', '2018-04-01', '2018-12-31'),
(277, 'SANSONETTI MASSIMILIANO', 0, ' ', ' ', 'M', ' ', '2018-04-01', '2018-12-31'),
(278, 'SANTARCANGELO  SARA', 0, ' ', ' ', 'F', ' ', '2018-04-01', '2018-12-31'),
(279, 'SANTARCANGELO LUCA', 0, ' ', ' ', 'M', ' ', '2018-04-01', '2018-12-31'),
(280, 'SANTORO EMILIANO ', 0, ' ', ' ', 'M', ' ', '2018-04-01', '2018-12-31'),
(281, 'SANTORO SILVIA', 0, ' ', ' ', 'F', ' ', '2018-04-01', '2018-12-31'),
(282, 'SARANDREA TIZIANA ', 0, ' ', ' ', 'F', ' ', '2018-04-01', '2018-12-31'),
(283, 'SCALONI MARGINA', 0, ' ', ' ', 'F', ' ', '2018-04-01', '2018-12-31'),
(284, 'SCIROCCO fILIPPO', 0, ' ', ' ', 'M', ' ', '2018-04-01', '2018-12-31'),
(285, 'SCIULLI GIORGIA', 0, ' ', ' ', 'F', ' ', '2018-04-01', '2018-12-31'),
(286, 'SCOPONI RICCARDO', 0, ' ', ' ', 'M', ' ', '2018-04-01', '2018-12-31'),
(287, 'SEMERARO MICHELE ARRIGO', 0, ' ', ' ', 'M', ' ', '2018-04-01', '2018-12-31'),
(288, 'SERAFINI CHIARA ', 0, ' ', ' ', 'F', ' ', '2018-04-01', '2018-12-31'),
(289, 'SERAFINI FRANCESCO', 0, ' ', ' ', 'M', ' ', '2018-04-01', '2018-12-31'),
(290, 'SERRA ELISA', 0, ' ', ' ', 'F', ' ', '2018-04-01', '2018-12-31'),
(291, 'SIANI LAVINI', 0, ' ', ' ', 'F', ' ', '2018-04-01', '2018-12-31'),
(292, 'SICILIANO MARIA SOLE', 0, ' ', ' ', 'F', ' ', '2018-04-01', '2018-12-31'),
(293, 'SIGNORILE EDOARDO', 0, ' ', ' ', 'M', ' ', '2018-04-01', '2018-12-31'),
(294, 'SILVESTRINI LEONARDO', 0, '', ' ', 'M', ' ', '2018-04-01', '2018-12-31'),
(295, 'SIMONCELLI RICCARDO', 0, '', ' ', 'M', ' ', '2018-04-01', '2018-12-31'),
(296, 'SIROVICH MONICA', 0, ' ', ' ', 'F', ' ', '2018-04-01', '2018-12-31'),
(297, 'SOLINAS SIMONA', 0, ' ', ' ', 'F', ' ', '2018-04-01', '2018-12-31'),
(298, 'SPIGARELLI ARIA ANGELA', 0, ' ', ' ', 'F', ' ', '2018-04-01', '2018-12-31'),
(299, 'SPINELLI JADE', 0, ' ', ' ', 'F', ' ', '2018-04-01', '2018-12-31'),
(300, 'STARNINO MICAELA ', 0, ' ', ' ', 'F', ' ', '2018-04-01', '2018-12-31'),
(301, 'STIRPE MICHELLE', 0, ' ', ' ', 'F', ' ', '2018-04-01', '2018-12-31'),
(302, 'STRAMANDINO JACOPO', 0, ' ', ' ', 'M', ' ', '2018-04-01', '2018-12-31'),
(303, 'TANI TOMMASO', 0, ' ', ' ', 'M', ' ', '2018-04-01', '2018-12-31'),
(304, 'TARDIA EMANUELE', 0, '', ' ', 'M', ' ', '2018-04-01', '2018-12-31'),
(305, 'TARTAGLIA ANDREA', 0, ' ', ' ', 'M', ' ', '2018-04-01', '2018-12-31'),
(306, 'TARULLI MICHELA', 0, ' ', ' ', 'F', ' ', '2018-04-01', '2018-12-31'),
(307, 'TEGAMI AGATA', 0, ' ', ' ', 'F', ' ', '2018-04-01', '2018-12-31'),
(308, 'TIBUZZI BEATRICE', 0, ' ', ' ', 'F', ' ', '2018-04-01', '2018-12-31'),
(309, 'TICCA MATTEO ', 0, ' ', ' ', 'M', ' ', '2018-04-01', '2018-12-31'),
(310, 'TOBIA LEONARDO', 0, ' ', ' ', 'M', ' ', '2018-04-01', '2018-12-31'),
(311, 'TOMA FLORIN LUCA', 0, ' ', ' ', 'M', ' ', '2018-04-01', '2018-12-31'),
(312, 'TONNICCHIA DANIELE', 0, ' ', ' ', 'M', ' ', '2018-04-01', '2018-12-31'),
(313, 'TORELLI LORENZO', 0, ' ', ' ', 'M', ' ', '2018-04-01', '2018-12-31'),
(314, 'TOZZI GLORIA', 0, '', ' ', 'F', ' ', '2018-04-01', '2018-12-31'),
(315, 'TRANQUILLI ANGELICA', 0, ' ', ' ', 'F', ' ', '2018-04-01', '2018-12-31'),
(316, 'TRAPANI VALERIO', 0, ' ', ' ', 'M', ' ', '2018-04-01', '2018-12-31'),
(317, 'TRASCIANI VALERIA', 0, ' ', ' ', 'F', ' ', '2018-04-01', '2018-12-31'),
(318, 'TRIBOLATI ANDREA', 0, ' ', ' ', 'M', ' ', '2018-04-01', '2018-12-31'),
(319, 'TRINARI ELENA SOFIA', 0, ' ', ' ', 'F', ' ', '2018-04-01', '2018-12-31'),
(320, 'TULLI FEDERICO', 0, ' ', ' ', 'M', ' ', '2018-04-01', '2018-12-31'),
(321, 'TURBINI ANDREA', 0, ' ', ' ', 'M', ' ', '2018-04-01', '2018-12-31'),
(322, 'USAI MARGHERITA', 0, ' ', ' ', 'F', ' ', '2018-04-01', '2018-12-31'),
(323, 'VACCARO LAURA', 0, ' ', ' ', 'F', ' ', '2018-04-01', '2018-12-31'),
(324, 'VALENTINI ALESSANDRO', 0, ' ', ' ', 'M', ' ', '2018-04-01', '2018-12-31'),
(325, 'VALENTINI MARTA', 0, ' ', ' ', 'F', ' ', '2018-04-01', '2018-12-31'),
(326, 'VALENTINI MASSIMO', 0, ' ', ' ', 'M', ' ', '2018-04-01', '2018-12-31'),
(327, 'VALENTINI YARI', 0, ' ', ' ', 'M', ' ', '2018-04-01', '2018-12-31'),
(328, 'VALERI GIORGIA', 0, ' ', ' ', 'F', ' ', '2018-04-01', '2018-12-31'),
(329, 'VALLOCCHIA DANIELE', 0, ' ', ' ', 'M', ' ', '2018-04-01', '2018-12-31'),
(330, 'VINCIGUERRA ALESSANDRO DOMENICO', 0, ' ', ' ', 'M', ' ', '2018-04-01', '2018-12-31'),
(331, 'VISCOGLIOSI GINEVRA', 0, ' ', ' ', 'F', ' ', '2018-04-01', '2018-12-31'),
(332, 'VITALE CRISTINA', 0, ' ', ' ', 'F', ' ', '2018-04-01', '2018-12-31'),
(333, 'VITTORI EMILIA', 0, ' ', ' ', 'F', ' ', '2018-04-01', '2018-12-31'),
(334, 'ZACCARIA MARTINA', 0, ' ', ' ', 'F', ' ', '2018-04-01', '2018-12-31'),
(335, 'ZANATTA GIULIO', 0, ' ', ' ', 'M', ' ', '2018-04-01', '2018-12-31'),
(336, 'ZAPPA NICOLO', 0, ' ', ' ', 'M', ' ', '2018-04-01', '2018-12-31'),
(337, 'ZENNARO FEDERICO', 0, ' ', ' ', 'M', ' ', '2018-04-01', '2018-12-31'),
(338, 'ZENOBI FEDERICO', 0, ' ', ' ', 'M', ' ', '2018-04-01', '2018-12-31'),
(339, 'ZINICOLA MATTIA', 0, ' ', ' ', 'M', ' ', '2018-04-01', '2018-12-31'),
(340, 'ZITO NUNZIA ILDA', 0, ' ', ' ', 'F', ' ', '2018-04-01', '2018-12-31'),
(341, 'ZUBBANI LETIZIA', 0, ' ', ' ', 'F', ' ', '2018-04-01', '2018-12-31'),
(342, 'ZUPIROLI GIUSEPPE', 0, '', ' ', 'M', ' ', '2018-04-01', '2018-12-31'),
(343, 'ZUPIROLI VITTORIA', 0, ' ', ' ', 'F', ' ', '2018-04-01', '2018-12-31'),
(344, 'ABATE FIORENZO', 0, '', ' ', 'M', ' ', '2018-04-01', '2018-12-31'),
(345, 'ABATE LUDOVICO', 0, ' ', ' ', 'M', ' ', '2018-04-01', '2018-12-31'),
(346, 'ACHILLI ANDREA', 0, ' ', ' ', 'M', ' ', '2018-04-01', '2018-12-31'),
(347, 'POLESI LEONARDO GIOVANNI', 0, '', '', 'M', '', '2018-04-01', '2018-04-30'),
(348, 'Onnis Sara', 10, '', '', 'F', '', '2018-06-12', '2018-06-30');

--
-- Trigger `paziente`
--
DELIMITER $$
CREATE TRIGGER `ADD join to ADMIN` BEFORE INSERT ON `paziente` FOR EACH ROW BEGIN

INSERT INTO joinpazientetariffaterapista(idPaziente, idTariffa, idTerapista, idStanza) VALUES (new.idPaziente,2,2,2);

END
$$
DELIMITER ;
DELIMITER $$
CREATE TRIGGER `AddResponsePazienteAdd` AFTER INSERT ON `paziente` FOR EACH ROW BEGIN DELETE FROM response; INSERT INTO response (id) VALUES (new.idPaziente); END
$$
DELIMITER ;
DELIMITER $$
CREATE TRIGGER `Delete_Join_Add_Response` AFTER DELETE ON `paziente` FOR EACH ROW BEGIN DELETE from joinPazienteTariffaTerapista WHERE joinPazienteTariffaTerapista.idPaziente = old.idPaziente; DELETE FROM response; INSERT INTO response (id) VALUES (old.idPaziente); END
$$
DELIMITER ;

-- --------------------------------------------------------

--
-- Struttura della tabella `response`
--

CREATE TABLE `response` (
  `id` int(11) NOT NULL
) ENGINE=InnoDB DEFAULT CHARSET=latin1;

--
-- Dump dei dati per la tabella `response`
--

INSERT INTO `response` (`id`) VALUES
(999999999);

-- --------------------------------------------------------

--
-- Struttura della tabella `role`
--

CREATE TABLE `role` (
  `ID` int(11) NOT NULL,
  `role` varchar(50) NOT NULL
) ENGINE=InnoDB DEFAULT CHARSET=latin1;

--
-- Dump dei dati per la tabella `role`
--

INSERT INTO `role` (`ID`, `role`) VALUES
(1, 'admin'),
(2, 'user');

--
-- Trigger `role`
--
DELIMITER $$
CREATE TRIGGER `AddResponseRole` AFTER INSERT ON `role` FOR EACH ROW BEGIN DELETE FROM response; INSERT INTO response (id) VALUES (new.ID); END
$$
DELIMITER ;

-- --------------------------------------------------------

--
-- Struttura della tabella `stanza`
--

CREATE TABLE `stanza` (
  `ID` int(11) NOT NULL,
  `stanza` varchar(50) NOT NULL
) ENGINE=InnoDB DEFAULT CHARSET=latin1;

--
-- Dump dei dati per la tabella `stanza`
--

INSERT INTO `stanza` (`ID`, `stanza`) VALUES
(1, 'Stanza Manuela'),
(2, 'Stanza Federica'),
(3, 'Stanza Imma'),
(4, 'Stanza Sara'),
(5, 'Stanza Antonella');

--
-- Trigger `stanza`
--
DELIMITER $$
CREATE TRIGGER `AddResponseStanza` AFTER INSERT ON `stanza` FOR EACH ROW BEGIN DELETE FROM response; INSERT INTO response (id) VALUES (new.ID); END
$$
DELIMITER ;

-- --------------------------------------------------------

--
-- Struttura della tabella `tariffa`
--

CREATE TABLE `tariffa` (
  `ID` int(11) NOT NULL,
  `tariffa` double(6,2) NOT NULL,
  `custom` int(1) NOT NULL
) ENGINE=InnoDB DEFAULT CHARSET=latin1;

--
-- Dump dei dati per la tabella `tariffa`
--

INSERT INTO `tariffa` (`ID`, `tariffa`, `custom`) VALUES
(7, 20.00, 0),
(8, 40.00, 0),
(9, 45.00, 0),
(10, 50.00, 0),
(11, 60.00, 0),
(12, 150.00, 0),
(13, 50.00, 1),
(14, 50.00, 1),
(15, 40.00, 1),
(16, 40.00, 1),
(17, 45.00, 1),
(18, 40.00, 1),
(19, 20.00, 1),
(20, 40.00, 1),
(21, 40.00, 1),
(22, 40.00, 1),
(23, 40.00, 1),
(24, 40.00, 1),
(25, 40.00, 1),
(26, 40.00, 1),
(27, 40.00, 1),
(28, 40.00, 1),
(29, 40.00, 1),
(30, 40.00, 1),
(31, 40.00, 1),
(32, 40.00, 1),
(33, 40.00, 1),
(34, 50.00, 1),
(35, 50.00, 1),
(36, 50.00, 1),
(37, 50.00, 1),
(38, 40.00, 1),
(39, 40.00, 1),
(40, 40.00, 1),
(41, 40.00, 1),
(42, 40.00, 1),
(43, 35.00, 1),
(44, 35.00, 1),
(45, 45.00, 1),
(46, 0.00, 1),
(47, 40.00, 1),
(48, 45.00, 1),
(49, 40.00, 1),
(50, 45.00, 1),
(51, 40.00, 1),
(52, 40.00, 1),
(53, 40.00, 1),
(54, 40.00, 1),
(55, 20.00, 1),
(56, 40.00, 1),
(57, 40.00, 1),
(58, 40.00, 1);

--
-- Trigger `tariffa`
--
DELIMITER $$
CREATE TRIGGER `AddResponseTariffa` AFTER INSERT ON `tariffa` FOR EACH ROW BEGIN DELETE FROM response; INSERT INTO response (id) VALUES (new.ID); END
$$
DELIMITER ;

-- --------------------------------------------------------

--
-- Struttura della tabella `terapisti`
--

CREATE TABLE `terapisti` (
  `ID` int(11) NOT NULL,
  `nomeCognome_t` varchar(255) NOT NULL,
  `idStanza` int(11) DEFAULT NULL,
  `idTariffa` int(11) DEFAULT NULL,
  `color` varchar(7) DEFAULT NULL,
  `user` varchar(50) NOT NULL,
  `pwd` varchar(255) NOT NULL,
  `role` int(11) NOT NULL COMMENT '1: admin, 2: user, 3:amministrazione',
  `idCategoria` int(11) NOT NULL,
  `idCategoria1` int(11) NOT NULL
) ENGINE=InnoDB DEFAULT CHARSET=latin1;

--
-- Dump dei dati per la tabella `terapisti`
--

INSERT INTO `terapisti` (`ID`, `nomeCognome_t`, `idStanza`, `idTariffa`, `color`, `user`, `pwd`, `role`, `idCategoria`, `idCategoria1`) VALUES
(1, 'Administrator', NULL, NULL, '', 'admin', '21232f297a57a5a743894a0e4a801fc3', 1, 0, 0),
(2, 'Trasciani Manuela', 1, 11, '#FFE1DC', 'm.trasciani@yahoo.it', 'a085ac42185229b3a2f7fe2d616f8a45', 1, 1, 0),
(3, 'Ritorto Federica', 2, 11, '#FFFF80', 'fede.ritorto@gmail.com', 'c7f8144ca6af0d90b41e489c851020c0', 1, 1, 0),
(4, 'Perniola Immacolata', 3, 11, '#C2FF91', 'i.perniola@alice.it', '8590609fc67248276d6b16813880f4fc', 1, 1, 0),
(5, 'Di Bucci Alessandra', 4, 12, '#FFE1DC', 'studioeidonroma@gmail.com', 'a0e217a53dbb0bc1e5e7ae468a7b401f', 1, 1, 0),
(7, 'Capellini Sara', 1, 9, '#FFE1DC', 'sara.cap91@libero.it', '04a50d726142cb9e4d6af6a7ca7b19aa', 2, 2, 2),
(8, 'Ciacciarelli Alessandra', 2, 9, '#FF8100', 'alessandraciacciarelli@gmail.com', '899620cb7004d05bb09aefc20a845dc0', 2, 2, 2),
(9, 'Ciprianetti Cristina', 5, 7, '#E1E100', 'cristinaciprianetti@gmail.com', 'ab225926afb613b9c567ee63b2cc91a5', 2, 4, 4),
(10, 'De Cunto Antonella', 5, 10, '#4181C0', 'antonelladecu@gmail.com', 'e423ce1ed5c675dcbb8266d2336705f9', 1, 7, 7),
(11, 'De Pietro Morgana', 4, 9, '#FFE1DC', 'morgana.depietro@gmail.com', 'd8f6eb4f61a968ebdcf80df031f42411', 2, 2, 2),
(12, 'Fabbri Elisa', 1, 9, '#FFE1DC', 'asile.s.mail@gmail.com', '6c4466ee330dd617511041219f1f2350', 2, 2, 2),
(13, 'Gallinari Giada', 5, 7, '#E1E100', 'giada.gallinari@gmail.com', '9c5d9a3c7b4c7d42e853333b31a6170a', 2, 4, 4),
(14, 'Lombardo Daniela', 4, 7, '#E1E100', 'daniela.lombardo@hotmail.it', '8cc7d08e0bd3102280271fba3bdb1aeb', 2, 4, 4),
(15, 'Nepoti Valerio', 4, 9, '#FFE1DC', 'v.nepoti@gmail.com', 'f722aeca5bc524df1337baa529bcc4a9', 2, 2, 2),
(16, 'Ojetti Lavinia', 3, 9, '#009F82', 'lavi.ojetti@gmail.com', 'a6d6fab76f2ebd9a3957522071333262', 2, 3, 3),
(17, 'Russo Claudia', 5, 7, '#E1E100', 'claudia.russo92@libero.it', '8b66417b65e85db7c2624a4ee7e0952b', 2, 4, 4),
(18, 'Testini Sara', 4, 7, '#4181C0', 'saratestini@hotmail.it', 'f46850590cd2d89e6fb37e180800ca71', 2, 7, 7),
(19, 'Zaccaria Martina', 2, 7, '#E1E100', 'martina.zaccaria@libero.it', '7fec2f0940cd3832b8c802a3d46f8095', 2, 4, 4),
(22, 'SPENSIERI VALENTINA', 5, 10, '#E1E100', 'valentina.spensieri@gmail.com', '4e5777b74c384aa56ca2d07bbaeff3d2', 2, 9, 4),
(23, 'ADDUCI BENEDETTA', 9999, 7, '#E1E100', 'benedetta.adduci@gmail.com', '5d9576ac5111b605af55a5765fc7e52d', 2, 9, 4),
(24, 'Coccia Irene', 9999, 7, '#E1E100', 'cioccairene@gmail.com', 'a7d8d51582bbea2eadef1ca9ab48e5ec', 2, 5, 4),
(25, 'Di Maira Ilaria', 3, 9, '#009F82', 'ilariadimaira@gmail.com', 'bc2ce2d51726654bfce415484b288061', 1, 11, 9999),
(26, 'Giuliani Michela', 9999, 7, '#E1E100', 'michela1988rm@hotmail.it', 'e36be0d03158c871e082da61a808bfaf', 1, 4, 9999),
(27, 'Mattei Ilaria', 5, 9, '#009F82', 'mattei.ilaria@gmail.com', '7cbb30c3145dab2327a1b9270480b6f0', 2, 11, 9999),
(28, 'MonsurrÃ² Giovanna', 9999, 7, '#E1E100', 'giomon2003@hotmail.com', 'baf3d7385c43ec0e6a846acca51adb9c', 2, 4, 5),
(29, 'Pasqualitto Filippo', 9999, 7, '#E1E100', 'filippopasqualitto@gmail.com', '66331e059d860f909648e328635c6a18', 2, 4, 9999),
(30, 'Moscatelli Andrea', 5, 12, '#FFE1DC', 'andrea.moscatelliweb@gmail.com', '1c42f9c1ca2f65441465b43cd9339d6c', 1, 1, 2),
(31, 'BACILE CHIARA', 9999, 7, '#E1E100', 'chiarabacile@libero.it', 'fb33a3df19c8b6e904a91c6792ecb0b8', 2, 4, 5),
(32, 'RUSSO EMMA', 9999, 7, '#E1E100', 'emmanet@libero.it', 'bf432d045ea79c843c469af8542d149a', 2, 4, 9999),
(33, 'USAI MARGHERITA', 4, 9, '#009F82', 'margherita.usai@virgilio.it', '5a4ef33bd002c0e05ae5d5dc605d57be', 2, 3, 9999),
(34, 'Giusto Eleonora', 4, 11, '#FF8100', 'eleonora@cgesse.it', '7756dad2e8fe14e0b5b64d2b3b3bce32', 2, 13, 9999);

--
-- Trigger `terapisti`
--
DELIMITER $$
CREATE TRIGGER `AddResponseTerapisti` AFTER INSERT ON `terapisti` FOR EACH ROW BEGIN DELETE FROM response; INSERT INTO response (id) VALUES (new.ID); END
$$
DELIMITER ;

--
-- Indici per le tabelle scaricate
--

--
-- Indici per le tabelle `addon`
--
ALTER TABLE `addon`
  ADD PRIMARY KEY (`googleAdvanced`);

--
-- Indici per le tabelle `agenda`
--
ALTER TABLE `agenda`
  ADD PRIMARY KEY (`id`);

--
-- Indici per le tabelle `categoriat`
--
ALTER TABLE `categoriat`
  ADD PRIMARY KEY (`ID`);

--
-- Indici per le tabelle `doposcuola`
--
ALTER TABLE `doposcuola`
  ADD PRIMARY KEY (`ID`);

--
-- Indici per le tabelle `info`
--
ALTER TABLE `info`
  ADD PRIMARY KEY (`ID`);

--
-- Indici per le tabelle `joinpazientedoposcuola`
--
ALTER TABLE `joinpazientedoposcuola`
  ADD PRIMARY KEY (`IdPaziente`,`idDopoScuola`);

--
-- Indici per le tabelle `joinpazientetariffaterapista`
--
ALTER TABLE `joinpazientetariffaterapista`
  ADD PRIMARY KEY (`idPaziente`,`idTariffa`,`idTerapista`);

--
-- Indici per le tabelle `paziente`
--
ALTER TABLE `paziente`
  ADD PRIMARY KEY (`idPaziente`);

--
-- Indici per le tabelle `stanza`
--
ALTER TABLE `stanza`
  ADD PRIMARY KEY (`ID`);

--
-- Indici per le tabelle `tariffa`
--
ALTER TABLE `tariffa`
  ADD PRIMARY KEY (`ID`);

--
-- Indici per le tabelle `terapisti`
--
ALTER TABLE `terapisti`
  ADD PRIMARY KEY (`ID`);

--
-- AUTO_INCREMENT per le tabelle scaricate
--

--
-- AUTO_INCREMENT per la tabella `agenda`
--
ALTER TABLE `agenda`
  MODIFY `id` int(11) NOT NULL AUTO_INCREMENT, AUTO_INCREMENT=436;

--
-- AUTO_INCREMENT per la tabella `categoriat`
--
ALTER TABLE `categoriat`
  MODIFY `ID` int(11) NOT NULL AUTO_INCREMENT, AUTO_INCREMENT=15;

--
-- AUTO_INCREMENT per la tabella `doposcuola`
--
ALTER TABLE `doposcuola`
  MODIFY `ID` int(11) NOT NULL AUTO_INCREMENT, AUTO_INCREMENT=2;

--
-- AUTO_INCREMENT per la tabella `info`
--
ALTER TABLE `info`
  MODIFY `ID` int(11) NOT NULL AUTO_INCREMENT, AUTO_INCREMENT=2;

--
-- AUTO_INCREMENT per la tabella `paziente`
--
ALTER TABLE `paziente`
  MODIFY `idPaziente` int(11) NOT NULL AUTO_INCREMENT, AUTO_INCREMENT=349;

--
-- AUTO_INCREMENT per la tabella `stanza`
--
ALTER TABLE `stanza`
  MODIFY `ID` int(11) NOT NULL AUTO_INCREMENT, AUTO_INCREMENT=6;

--
-- AUTO_INCREMENT per la tabella `tariffa`
--
ALTER TABLE `tariffa`
  MODIFY `ID` int(11) NOT NULL AUTO_INCREMENT, AUTO_INCREMENT=59;

--
-- AUTO_INCREMENT per la tabella `terapisti`
--
ALTER TABLE `terapisti`
  MODIFY `ID` int(11) NOT NULL AUTO_INCREMENT, AUTO_INCREMENT=35;
COMMIT;

/*!40101 SET CHARACTER_SET_CLIENT=@OLD_CHARACTER_SET_CLIENT */;
/*!40101 SET CHARACTER_SET_RESULTS=@OLD_CHARACTER_SET_RESULTS */;
/*!40101 SET COLLATION_CONNECTION=@OLD_COLLATION_CONNECTION */;
